Animal Name,Network Type,Manual GT Cells,Auto method GT Cells method 1 ,Auto method GT Cells method 2 ,Reconstructed Cells,Difference (gt- pred),Abs Difference,Error rate,Abs Error rate,removed overlapped cells,Difference (gt- pred_e),Abs Difference enh,Error rate enh,Abs Error rate enh
10ld1,U-Net,381,379,379,383,-4,4.0,-1.0554089709762533,1.0554089709762533,377,2,2.0,0.5277044854881267,0.5277044854881267
10ld3,U-Net,239,238,238,283,-45,45.0,-18.907563025210084,18.907563025210084,270,-32,32.0,-13.445378151260504,13.445378151260504
10ll1,U-Net,341,338,338,372,-34,34.0,-10.059171597633137,10.059171597633137,365,-27,27.0,-7.988165680473373,7.988165680473373
10lr2,U-Net,349,346,346,361,-15,15.0,-4.335260115606936,4.335260115606936,352,-6,6.0,-1.7341040462427744,1.7341040462427744
10lr3,U-Net,183,182,182,241,-59,59.0,-32.417582417582416,32.417582417582416,228,-46,46.0,-25.274725274725274,25.274725274725274
10lu1,U-Net,380,377,377,376,1,1.0,0.2652519893899204,0.2652519893899204,370,7,7.0,1.8567639257294428,1.8567639257294428
10lu2,U-Net,392,387,387,377,10,10.0,2.5839793281653747,2.5839793281653747,367,20,20.0,5.167958656330749,5.167958656330749
10lu3,U-Net,171,170,170,253,-83,83.0,-48.8235294117647,48.8235294117647,239,-69,69.0,-40.588235294117645,40.588235294117645
10rd2,U-Net,419,417,417,395,22,22.0,5.275779376498801,5.275779376498801,386,31,31.0,7.434052757793765,7.434052757793765
10rl1,U-Net,417,416,416,402,14,14.0,3.3653846153846154,3.3653846153846154,389,27,27.0,6.490384615384616,6.490384615384616
10rl2,U-Net,373,371,371,0,371,371.0,100.0,100.0,0,371,371.0,100.0,100.0
10rr1,U-Net,448,444,444,408,36,36.0,8.108108108108109,8.108108108108109,394,50,50.0,11.26126126126126,11.26126126126126
10rr2,U-Net,237,235,235,0,235,235.0,100.0,100.0,0,235,235.0,100.0,100.0
10rr3,U-Net,175,176,176,202,-26,26.0,-14.772727272727273,14.772727272727273,191,-15,15.0,-8.522727272727272,8.522727272727272
10ru1,U-Net,386,384,384,383,1,1.0,0.26041666666666663,0.26041666666666663,375,9,9.0,2.34375,2.34375
10ru2,U-Net,416,413,413,0,413,413.0,100.0,100.0,0,413,413.0,100.0,100.0
10ru3,U-Net,201,201,201,224,-23,23.0,-11.442786069651742,11.442786069651742,213,-12,12.0,-5.970149253731343,5.970149253731343
11ld1,U-Net,479,477,477,452,25,25.0,5.2410901467505235,5.2410901467505235,444,33,33.0,6.918238993710692,6.918238993710692
11ld2,U-Net,320,319,319,327,-8,8.0,-2.507836990595611,2.507836990595611,318,1,1.0,0.3134796238244514,0.3134796238244514
11ll1,U-Net,473,465,465,458,7,7.0,1.5053763440860215,1.5053763440860215,443,22,22.0,4.731182795698925,4.731182795698925
11ll2,U-Net,272,272,272,291,-19,19.0,-6.985294117647059,6.985294117647059,277,-5,5.0,-1.8382352941176472,1.8382352941176472
11ll3,U-Net,165,165,165,181,-16,16.0,-9.696969696969697,9.696969696969697,176,-11,11.0,-6.666666666666667,6.666666666666667
11lr2,U-Net,510,505,506,432,74,74.0,14.624505928853754,14.624505928853754,426,80,80.0,15.810276679841898,15.810276679841898
11lu1,U-Net,412,409,409,400,9,9.0,2.2004889975550124,2.2004889975550124,389,20,20.0,4.88997555012225,4.88997555012225
11lu2,U-Net,447,445,445,424,21,21.0,4.719101123595506,4.719101123595506,409,36,36.0,8.089887640449438,8.089887640449438
11lu3,U-Net,356,356,356,355,1,1.0,0.2808988764044944,0.2808988764044944,346,10,10.0,2.8089887640449436,2.8089887640449436
11rd1,U-Net,487,481,481,436,45,45.0,9.355509355509357,9.355509355509357,427,54,54.0,11.226611226611228,11.226611226611228
11rd3,U-Net,158,158,158,197,-39,39.0,-24.68354430379747,24.68354430379747,184,-26,26.0,-16.455696202531644,16.455696202531644
11rl1,U-Net,473,468,468,415,53,53.0,11.324786324786325,11.324786324786325,404,64,64.0,13.675213675213676,13.675213675213676
11rl3,U-Net,267,265,265,270,-5,5.0,-1.8867924528301887,1.8867924528301887,263,2,2.0,0.7547169811320755,0.7547169811320755
11rr1,U-Net,377,377,377,302,75,75.0,19.893899204244033,19.893899204244033,297,80,80.0,21.220159151193634,21.220159151193634
11rr2,U-Net,373,368,367,353,14,14.0,3.8147138964577656,3.8147138964577656,347,20,20.0,5.449591280653951,5.449591280653951
11ru1,U-Net,375,374,374,345,29,29.0,7.754010695187167,7.754010695187167,337,37,37.0,9.893048128342247,9.893048128342247
11ru2,U-Net,420,415,415,359,56,56.0,13.493975903614459,13.493975903614459,349,66,66.0,15.903614457831324,15.903614457831324
11ru3,U-Net,366,360,360,364,-4,4.0,-1.1111111111111112,1.1111111111111112,352,8,8.0,2.2222222222222223,2.2222222222222223
12ld2,U-Net,413,409,409,408,1,1.0,0.24449877750611246,0.24449877750611246,396,13,13.0,3.1784841075794623,3.1784841075794623
12ll1,U-Net,445,445,445,402,43,43.0,9.662921348314606,9.662921348314606,397,48,48.0,10.786516853932584,10.786516853932584
12ll2,U-Net,506,500,500,427,73,73.0,14.6,14.6,409,91,91.0,18.2,18.2
12lr1,U-Net,328,326,326,327,-1,1.0,-0.3067484662576687,0.3067484662576687,317,9,9.0,2.7607361963190185,2.7607361963190185
12lr2,U-Net,258,257,257,272,-15,15.0,-5.836575875486381,5.836575875486381,264,-7,7.0,-2.7237354085603114,2.7237354085603114
12lr3,U-Net,147,144,144,169,-25,25.0,-17.36111111111111,17.36111111111111,157,-13,13.0,-9.027777777777777,9.027777777777777
12lu1,U-Net,545,543,543,460,83,83.0,15.285451197053407,15.285451197053407,445,98,98.0,18.047882136279927,18.047882136279927
12lu3,U-Net,129,129,129,143,-14,14.0,-10.852713178294573,10.852713178294573,135,-6,6.0,-4.651162790697675,4.651162790697675
12rl2,U-Net,403,401,401,378,23,23.0,5.7356608478802995,5.7356608478802995,369,32,32.0,7.98004987531172,7.98004987531172
12rr1,U-Net,382,381,381,379,2,2.0,0.5249343832020997,0.5249343832020997,366,15,15.0,3.937007874015748,3.937007874015748
12rr2,U-Net,401,398,398,389,9,9.0,2.261306532663317,2.261306532663317,378,20,20.0,5.025125628140704,5.025125628140704
12rr3,U-Net,329,329,329,329,0,0.0,0.0,0.0,323,6,6.0,1.82370820668693,1.82370820668693
12ru2,U-Net,338,340,340,328,12,12.0,3.5294117647058822,3.5294117647058822,316,24,24.0,7.0588235294117645,7.0588235294117645
12ru3,U-Net,182,181,181,195,-14,14.0,-7.734806629834254,7.734806629834254,188,-7,7.0,-3.867403314917127,3.867403314917127
13ld3,U-Net,228,228,228,235,-7,7.0,-3.070175438596491,3.070175438596491,224,4,4.0,1.7543859649122806,1.7543859649122806
13ll1,U-Net,382,383,383,373,10,10.0,2.610966057441253,2.610966057441253,370,13,13.0,3.3942558746736298,3.3942558746736298
13ll3,U-Net,175,175,175,194,-19,19.0,-10.857142857142858,10.857142857142858,186,-11,11.0,-6.2857142857142865,6.2857142857142865
13lr1,U-Net,410,409,409,379,30,30.0,7.334963325183375,7.334963325183375,369,40,40.0,9.7799511002445,9.7799511002445
13lr2,U-Net,224,223,223,247,-24,24.0,-10.762331838565023,10.762331838565023,240,-17,17.0,-7.623318385650224,7.623318385650224
13lu1,U-Net,368,365,365,359,6,6.0,1.643835616438356,1.643835616438356,346,19,19.0,5.205479452054795,5.205479452054795
13rd1,U-Net,413,410,410,349,61,61.0,14.878048780487804,14.878048780487804,345,65,65.0,15.853658536585366,15.853658536585366
13rl2,U-Net,214,212,212,235,-23,23.0,-10.849056603773585,10.849056603773585,226,-14,14.0,-6.60377358490566,6.60377358490566
13rl3,U-Net,168,166,166,193,-27,27.0,-16.265060240963855,16.265060240963855,184,-18,18.0,-10.843373493975903,10.843373493975903
13rr1,U-Net,378,374,374,363,11,11.0,2.941176470588235,2.941176470588235,353,21,21.0,5.614973262032086,5.614973262032086
13rr2,U-Net,335,333,333,346,-13,13.0,-3.903903903903904,3.903903903903904,336,-3,3.0,-0.9009009009009009,0.9009009009009009
13ru1,U-Net,391,390,390,390,0,0.0,0.0,0.0,382,8,8.0,2.051282051282051,2.051282051282051
14ll1,U-Net,474,471,471,402,69,69.0,14.64968152866242,14.64968152866242,396,75,75.0,15.92356687898089,15.92356687898089
14lr2,U-Net,267,265,265,273,-8,8.0,-3.018867924528302,3.018867924528302,270,-5,5.0,-1.8867924528301887,1.8867924528301887
14lu2,U-Net,460,458,458,434,24,24.0,5.240174672489083,5.240174672489083,427,31,31.0,6.768558951965066,6.768558951965066
14lu3,U-Net,247,247,247,279,-32,32.0,-12.955465587044534,12.955465587044534,267,-20,20.0,-8.097165991902834,8.097165991902834
14rd3,U-Net,356,350,350,348,2,2.0,0.5714285714285714,0.5714285714285714,343,7,7.0,2.0,2.0
14rl2,U-Net,475,471,471,451,20,20.0,4.246284501061571,4.246284501061571,443,28,28.0,5.9447983014862,5.9447983014862
14rl3,U-Net,290,289,289,298,-9,9.0,-3.1141868512110724,3.1141868512110724,294,-5,5.0,-1.7301038062283738,1.7301038062283738
14rr1,U-Net,454,458,458,426,32,32.0,6.986899563318777,6.986899563318777,419,39,39.0,8.51528384279476,8.51528384279476
14rr2,U-Net,436,437,437,418,19,19.0,4.3478260869565215,4.3478260869565215,408,29,29.0,6.636155606407322,6.636155606407322
14ru2,U-Net,432,424,424,418,6,6.0,1.4150943396226416,1.4150943396226416,408,16,16.0,3.7735849056603774,3.7735849056603774
14ru3,U-Net,281,280,280,286,-6,6.0,-2.142857142857143,2.142857142857143,280,0,0.0,0.0,0.0
15ld1,U-Net,329,329,329,330,-1,1.0,-0.303951367781155,0.303951367781155,319,10,10.0,3.0395136778115504,3.0395136778115504
15ll3,U-Net,82,81,81,102,-21,21.0,-25.925925925925924,25.925925925925924,97,-16,16.0,-19.753086419753085,19.753086419753085
15lr1,U-Net,336,331,331,338,-7,7.0,-2.1148036253776437,2.1148036253776437,330,1,1.0,0.3021148036253776,0.3021148036253776
15lr2,U-Net,330,328,328,335,-7,7.0,-2.1341463414634148,2.1341463414634148,328,0,0.0,0.0,0.0
15lu1,U-Net,360,358,358,367,-9,9.0,-2.5139664804469275,2.5139664804469275,356,2,2.0,0.5586592178770949,0.5586592178770949
15rl1,U-Net,356,356,356,344,12,12.0,3.3707865168539324,3.3707865168539324,332,24,24.0,6.741573033707865,6.741573033707865
15rl2,U-Net,428,424,423,422,1,1.0,0.2364066193853428,0.2364066193853428,413,10,10.0,2.3640661938534278,2.3640661938534278
15rr3,U-Net,303,302,302,299,3,3.0,0.9933774834437087,0.9933774834437087,291,11,11.0,3.642384105960265,3.642384105960265
15ru3,U-Net,246,243,243,246,-3,3.0,-1.2345679012345678,1.2345679012345678,243,0,0.0,0.0,0.0
16ld1,U-Net,449,443,443,426,17,17.0,3.837471783295711,3.837471783295711,410,33,33.0,7.44920993227991,7.44920993227991
16ld2,U-Net,241,241,241,251,-10,10.0,-4.149377593360995,4.149377593360995,247,-6,6.0,-2.4896265560165975,2.4896265560165975
16ll2,U-Net,319,316,316,322,-6,6.0,-1.89873417721519,1.89873417721519,318,-2,2.0,-0.6329113924050633,0.6329113924050633
16lr1,U-Net,411,405,405,387,18,18.0,4.444444444444445,4.444444444444445,377,28,28.0,6.91358024691358,6.91358024691358
16lr3,U-Net,243,242,242,274,-32,32.0,-13.223140495867769,13.223140495867769,262,-20,20.0,-8.264462809917356,8.264462809917356
16rd2,U-Net,268,266,266,255,11,11.0,4.135338345864661,4.135338345864661,248,18,18.0,6.7669172932330826,6.7669172932330826
16rl2,U-Net,380,376,376,313,63,63.0,16.75531914893617,16.75531914893617,305,71,71.0,18.882978723404257,18.882978723404257
16rl3,U-Net,239,237,237,266,-29,29.0,-12.236286919831224,12.236286919831224,253,-16,16.0,-6.751054852320674,6.751054852320674
16rr1,U-Net,441,432,432,379,53,53.0,12.268518518518519,12.268518518518519,374,58,58.0,13.425925925925927,13.425925925925927
16rr3,U-Net,294,292,292,308,-16,16.0,-5.47945205479452,5.47945205479452,300,-8,8.0,-2.73972602739726,2.73972602739726
16ru2,U-Net,462,455,455,425,30,30.0,6.593406593406594,6.593406593406594,414,41,41.0,9.010989010989011,9.010989010989011
17lr1,U-Net,518,515,515,431,84,84.0,16.310679611650485,16.310679611650485,416,99,99.0,19.223300970873787,19.223300970873787
17lu3,U-Net,180,180,180,200,-20,20.0,-11.11111111111111,11.11111111111111,188,-8,8.0,-4.444444444444445,4.444444444444445
17rd2,U-Net,343,341,341,339,2,2.0,0.5865102639296188,0.5865102639296188,333,8,8.0,2.346041055718475,2.346041055718475
17rl2,U-Net,387,386,386,328,58,58.0,15.025906735751295,15.025906735751295,324,62,62.0,16.06217616580311,16.06217616580311
17rl3,U-Net,266,265,265,278,-13,13.0,-4.905660377358491,4.905660377358491,270,-5,5.0,-1.8867924528301887,1.8867924528301887
17ru2,U-Net,216,219,219,225,-6,6.0,-2.73972602739726,2.73972602739726,215,4,4.0,1.82648401826484,1.82648401826484
18ll2,U-Net,346,344,344,360,-16,16.0,-4.651162790697675,4.651162790697675,345,-1,1.0,-0.29069767441860467,0.29069767441860467
18lu2,U-Net,315,313,313,308,5,5.0,1.5974440894568689,1.5974440894568689,304,9,9.0,2.8753993610223643,2.8753993610223643
18rd1,U-Net,470,462,462,417,45,45.0,9.740259740259742,9.740259740259742,411,51,51.0,11.03896103896104,11.03896103896104
18rd2,U-Net,298,298,298,302,-4,4.0,-1.342281879194631,1.342281879194631,293,5,5.0,1.6778523489932886,1.6778523489932886
18rl1,U-Net,501,500,500,414,86,86.0,17.2,17.2,405,95,95.0,19.0,19.0
18rl2,U-Net,464,462,462,454,8,8.0,1.7316017316017316,1.7316017316017316,441,21,21.0,4.545454545454546,4.545454545454546
18rl3,U-Net,309,308,308,321,-13,13.0,-4.220779220779221,4.220779220779221,312,-4,4.0,-1.2987012987012987,1.2987012987012987
18rr1,U-Net,430,426,426,418,8,8.0,1.8779342723004695,1.8779342723004695,406,20,20.0,4.694835680751173,4.694835680751173
18rr3,U-Net,375,374,374,346,28,28.0,7.4866310160427805,7.4866310160427805,338,36,36.0,9.62566844919786,9.62566844919786
19ld1,U-Net,518,514,514,436,78,78.0,15.17509727626459,15.17509727626459,430,84,84.0,16.342412451361866,16.342412451361866
19ld2,U-Net,493,491,490,440,50,50.0,10.204081632653061,10.204081632653061,429,61,61.0,12.448979591836734,12.448979591836734
19ll1,U-Net,515,508,508,445,63,63.0,12.401574803149607,12.401574803149607,433,75,75.0,14.763779527559054,14.763779527559054
19lr2,U-Net,453,452,452,427,25,25.0,5.530973451327434,5.530973451327434,418,34,34.0,7.52212389380531,7.52212389380531
19lu1,U-Net,415,410,410,380,30,30.0,7.317073170731707,7.317073170731707,372,38,38.0,9.268292682926829,9.268292682926829
19rd2,U-Net,481,478,477,426,51,51.0,10.69182389937107,10.69182389937107,416,61,61.0,12.78825995807128,12.78825995807128
19rr2,U-Net,462,462,462,419,43,43.0,9.307359307359308,9.307359307359308,404,58,58.0,12.554112554112553,12.554112554112553
19rr3,U-Net,362,354,354,329,25,25.0,7.062146892655368,7.062146892655368,322,32,32.0,9.03954802259887,9.03954802259887
19ru1,U-Net,541,537,537,466,71,71.0,13.221601489757914,13.221601489757914,455,82,82.0,15.27001862197393,15.27001862197393
1ld1,U-Net,443,442,442,403,39,39.0,8.823529411764707,8.823529411764707,395,47,47.0,10.633484162895927,10.633484162895927
1ld2,U-Net,398,395,395,379,16,16.0,4.050632911392405,4.050632911392405,370,25,25.0,6.329113924050633,6.329113924050633
1ll1,U-Net,439,438,438,392,46,46.0,10.50228310502283,10.50228310502283,380,58,58.0,13.24200913242009,13.24200913242009
1ll2,U-Net,411,410,410,393,17,17.0,4.146341463414634,4.146341463414634,379,31,31.0,7.560975609756097,7.560975609756097
1ll3,U-Net,330,328,328,324,4,4.0,1.2195121951219512,1.2195121951219512,317,11,11.0,3.353658536585366,3.353658536585366
1lr1,U-Net,441,441,441,414,27,27.0,6.122448979591836,6.122448979591836,406,35,35.0,7.936507936507936,7.936507936507936
1lr2,U-Net,381,381,381,353,28,28.0,7.349081364829396,7.349081364829396,346,35,35.0,9.186351706036746,9.186351706036746
1lr3,U-Net,224,223,223,246,-23,23.0,-10.31390134529148,10.31390134529148,235,-12,12.0,-5.381165919282512,5.381165919282512
1lu1,U-Net,422,421,421,398,23,23.0,5.463182897862233,5.463182897862233,391,30,30.0,7.1258907363420425,7.1258907363420425
1lu2,U-Net,283,282,282,291,-9,9.0,-3.1914893617021276,3.1914893617021276,283,-1,1.0,-0.3546099290780142,0.3546099290780142
1rd1,U-Net,483,483,483,451,32,32.0,6.625258799171843,6.625258799171843,436,47,47.0,9.730848861283643,9.730848861283643
1rd2,U-Net,515,514,514,464,50,50.0,9.72762645914397,9.72762645914397,453,61,61.0,11.86770428015564,11.86770428015564
1rd3,U-Net,283,284,284,327,-43,43.0,-15.140845070422534,15.140845070422534,307,-23,23.0,-8.098591549295776,8.098591549295776
1rl1,U-Net,417,417,416,410,6,6.0,1.4423076923076923,1.4423076923076923,396,20,20.0,4.807692307692308,4.807692307692308
1rl2,U-Net,228,228,228,231,-3,3.0,-1.3157894736842104,1.3157894736842104,218,10,10.0,4.385964912280701,4.385964912280701
1rl3,U-Net,158,158,158,205,-47,47.0,-29.746835443037973,29.746835443037973,185,-27,27.0,-17.088607594936708,17.088607594936708
1rr1,U-Net,486,486,486,411,75,75.0,15.432098765432098,15.432098765432098,401,85,85.0,17.48971193415638,17.48971193415638
1rr2,U-Net,498,497,497,386,111,111.0,22.334004024144868,22.334004024144868,373,124,124.0,24.949698189134807,24.949698189134807
1rr3,U-Net,258,258,258,270,-12,12.0,-4.651162790697675,4.651162790697675,262,-4,4.0,-1.550387596899225,1.550387596899225
1ru2,U-Net,531,527,527,428,99,99.0,18.785578747628083,18.785578747628083,421,106,106.0,20.113851992409867,20.113851992409867
1ru3,U-Net,282,278,278,295,-17,17.0,-6.115107913669065,6.115107913669065,284,-6,6.0,-2.158273381294964,2.158273381294964
20ld2,U-Net,374,373,373,328,45,45.0,12.064343163538874,12.064343163538874,323,50,50.0,13.404825737265416,13.404825737265416
20ld3,U-Net,148,148,148,172,-24,24.0,-16.216216216216218,16.216216216216218,164,-16,16.0,-10.81081081081081,10.81081081081081
20ll1,U-Net,439,432,432,417,15,15.0,3.4722222222222223,3.4722222222222223,400,32,32.0,7.4074074074074066,7.4074074074074066
20ll3,U-Net,301,298,298,301,-3,3.0,-1.006711409395973,1.006711409395973,297,1,1.0,0.33557046979865773,0.33557046979865773
20lr2,U-Net,238,238,238,235,3,3.0,1.2605042016806722,1.2605042016806722,231,7,7.0,2.941176470588235,2.941176470588235
20lr3,U-Net,148,148,148,171,-23,23.0,-15.54054054054054,15.54054054054054,158,-10,10.0,-6.756756756756757,6.756756756756757
20lu1,U-Net,427,425,425,381,44,44.0,10.352941176470589,10.352941176470589,368,57,57.0,13.411764705882353,13.411764705882353
20lu2,U-Net,385,382,382,363,19,19.0,4.973821989528796,4.973821989528796,354,28,28.0,7.329842931937172,7.329842931937172
20lu3,U-Net,211,209,209,234,-25,25.0,-11.961722488038278,11.961722488038278,224,-15,15.0,-7.177033492822966,7.177033492822966
20rd1,U-Net,362,360,360,343,17,17.0,4.722222222222222,4.722222222222222,333,27,27.0,7.5,7.5
20rl1,U-Net,330,330,330,364,-34,34.0,-10.303030303030303,10.303030303030303,358,-28,28.0,-8.484848484848486,8.484848484848486
20rl2,U-Net,402,399,399,379,20,20.0,5.012531328320802,5.012531328320802,371,28,28.0,7.017543859649122,7.017543859649122
20rr2,U-Net,439,433,433,356,77,77.0,17.782909930715935,17.782909930715935,344,89,89.0,20.554272517321014,20.554272517321014
20rr3,U-Net,188,188,188,213,-25,25.0,-13.297872340425531,13.297872340425531,201,-13,13.0,-6.914893617021277,6.914893617021277
20ru1,U-Net,471,465,465,434,31,31.0,6.666666666666667,6.666666666666667,424,41,41.0,8.817204301075268,8.817204301075268
20ru2,U-Net,203,203,203,222,-19,19.0,-9.35960591133005,9.35960591133005,215,-12,12.0,-5.911330049261084,5.911330049261084
21_4_ld1,U-Net,401,399,399,395,4,4.0,1.0025062656641603,1.0025062656641603,391,8,8.0,2.0050125313283207,2.0050125313283207
21_4_ll1,U-Net,431,430,430,384,46,46.0,10.69767441860465,10.69767441860465,374,56,56.0,13.023255813953488,13.023255813953488
21_4_ll2,U-Net,319,315,315,326,-11,11.0,-3.492063492063492,3.492063492063492,316,-1,1.0,-0.31746031746031744,0.31746031746031744
21_4_ll3,U-Net,260,260,259,276,-17,17.0,-6.563706563706563,6.563706563706563,258,1,1.0,0.3861003861003861,0.3861003861003861
21_4_lr1,U-Net,461,461,461,441,20,20.0,4.3383947939262475,4.3383947939262475,434,27,27.0,5.856832971800434,5.856832971800434
21_4_lr3,U-Net,188,186,186,218,-32,32.0,-17.20430107526882,17.20430107526882,204,-18,18.0,-9.67741935483871,9.67741935483871
21_4_lu1,U-Net,406,406,406,405,1,1.0,0.24630541871921183,0.24630541871921183,395,11,11.0,2.70935960591133,2.70935960591133
21_4_lu2,U-Net,431,431,431,395,36,36.0,8.352668213457076,8.352668213457076,388,43,43.0,9.976798143851507,9.976798143851507
21_4_lu3,U-Net,137,138,138,164,-26,26.0,-18.84057971014493,18.84057971014493,159,-21,21.0,-15.217391304347828,15.217391304347828
21_4_rd3,U-Net,213,213,213,233,-20,20.0,-9.389671361502346,9.389671361502346,226,-13,13.0,-6.103286384976526,6.103286384976526
21_4_rl2,U-Net,256,256,256,276,-20,20.0,-7.8125,7.8125,269,-13,13.0,-5.078125,5.078125
21_4_rr2,U-Net,293,291,291,257,34,34.0,11.683848797250858,11.683848797250858,251,40,40.0,13.745704467353953,13.745704467353953
21_4_rr3,U-Net,346,345,345,283,62,62.0,17.971014492753625,17.971014492753625,276,69,69.0,20.0,20.0
21_4_ru3,U-Net,263,262,263,248,15,15.0,5.7034220532319395,5.7034220532319395,246,17,17.0,6.4638783269961975,6.4638783269961975
22_4_ll2,U-Net,408,402,402,287,115,115.0,28.60696517412935,28.60696517412935,282,120,120.0,29.850746268656714,29.850746268656714
22_4_ll3,U-Net,318,311,310,307,3,3.0,0.967741935483871,0.967741935483871,299,11,11.0,3.5483870967741935,3.5483870967741935
22_4_lr3,U-Net,387,385,385,301,84,84.0,21.818181818181817,21.818181818181817,298,87,87.0,22.597402597402596,22.597402597402596
22_4_rd3,U-Net,340,334,334,317,17,17.0,5.089820359281437,5.089820359281437,315,19,19.0,5.688622754491018,5.688622754491018
22_4_rl1,U-Net,400,391,391,322,69,69.0,17.647058823529413,17.647058823529413,315,76,76.0,19.437340153452684,19.437340153452684
22_4_rl2,U-Net,228,223,223,224,-1,1.0,-0.4484304932735426,0.4484304932735426,219,4,4.0,1.7937219730941705,1.7937219730941705
22_4_ru2,U-Net,246,244,244,227,17,17.0,6.967213114754098,6.967213114754098,226,18,18.0,7.377049180327869,7.377049180327869
22_4_ru3,U-Net,141,140,140,156,-16,16.0,-11.428571428571429,11.428571428571429,153,-13,13.0,-9.285714285714286,9.285714285714286
23_8_ll1,U-Net,441,439,439,397,42,42.0,9.567198177676538,9.567198177676538,388,51,51.0,11.617312072892938,11.617312072892938
23_8_ll2,U-Net,226,226,226,246,-20,20.0,-8.849557522123893,8.849557522123893,244,-18,18.0,-7.964601769911504,7.964601769911504
23_8_lu1,U-Net,429,429,429,371,58,58.0,13.51981351981352,13.51981351981352,363,66,66.0,15.384615384615385,15.384615384615385
23_8_lu2,U-Net,338,337,337,316,21,21.0,6.231454005934718,6.231454005934718,304,33,33.0,9.792284866468842,9.792284866468842
23_8_lu3,U-Net,198,196,196,211,-15,15.0,-7.653061224489796,7.653061224489796,204,-8,8.0,-4.081632653061225,4.081632653061225
23_8_rd1,U-Net,427,425,425,384,41,41.0,9.647058823529411,9.647058823529411,377,48,48.0,11.294117647058824,11.294117647058824
23_8_rd2,U-Net,261,261,261,275,-14,14.0,-5.363984674329502,5.363984674329502,265,-4,4.0,-1.532567049808429,1.532567049808429
23_8_rl1,U-Net,441,447,447,404,43,43.0,9.619686800894854,9.619686800894854,396,51,51.0,11.409395973154362,11.409395973154362
23_8_rl2,U-Net,402,399,399,385,14,14.0,3.508771929824561,3.508771929824561,383,16,16.0,4.010025062656641,4.010025062656641
23_8_rr1,U-Net,448,447,447,427,20,20.0,4.47427293064877,4.47427293064877,419,28,28.0,6.263982102908278,6.263982102908278
23_8_rr3,U-Net,298,296,296,293,3,3.0,1.0135135135135136,1.0135135135135136,286,10,10.0,3.3783783783783785,3.3783783783783785
23_8_ru2,U-Net,432,430,430,422,8,8.0,1.8604651162790697,1.8604651162790697,411,19,19.0,4.4186046511627906,4.4186046511627906
23_8_ru3,U-Net,285,285,285,294,-9,9.0,-3.1578947368421053,3.1578947368421053,286,-1,1.0,-0.3508771929824561,0.3508771929824561
23ld2,U-Net,283,283,283,256,27,27.0,9.540636042402827,9.540636042402827,249,34,34.0,12.014134275618375,12.014134275618375
23ll3,U-Net,196,195,195,220,-25,25.0,-12.82051282051282,12.82051282051282,212,-17,17.0,-8.717948717948717,8.717948717948717
23lr2,U-Net,355,354,354,329,25,25.0,7.062146892655368,7.062146892655368,323,31,31.0,8.757062146892656,8.757062146892656
23lu3,U-Net,278,277,277,262,15,15.0,5.415162454873646,5.415162454873646,259,18,18.0,6.4981949458483745,6.4981949458483745
23rl2,U-Net,285,283,283,276,7,7.0,2.4734982332155475,2.4734982332155475,267,16,16.0,5.6537102473498235,5.6537102473498235
23rr2,U-Net,385,383,383,278,105,105.0,27.415143603133156,27.415143603133156,275,108,108.0,28.198433420365536,28.198433420365536
23ru1,U-Net,331,330,330,165,165,165.0,50.0,50.0,165,165,165.0,50.0,50.0
23ru2,U-Net,388,383,383,277,106,106.0,27.676240208877285,27.676240208877285,273,110,110.0,28.720626631853786,28.720626631853786
23ru3,U-Net,321,319,319,294,25,25.0,7.836990595611286,7.836990595611286,292,27,27.0,8.463949843260188,8.463949843260188
24_4_ld2,U-Net,354,351,351,342,9,9.0,2.564102564102564,2.564102564102564,335,16,16.0,4.5584045584045585,4.5584045584045585
24_4_ld3,U-Net,277,276,276,278,-2,2.0,-0.7246376811594203,0.7246376811594203,272,4,4.0,1.4492753623188406,1.4492753623188406
24_4_ll3,U-Net,160,160,160,185,-25,25.0,-15.625,15.625,178,-18,18.0,-11.25,11.25
24_4_lr3,U-Net,259,257,257,281,-24,24.0,-9.33852140077821,9.33852140077821,277,-20,20.0,-7.782101167315175,7.782101167315175
24_4_lu2,U-Net,287,286,286,268,18,18.0,6.293706293706294,6.293706293706294,263,23,23.0,8.041958041958042,8.041958041958042
24_4_lu3,U-Net,128,128,128,121,7,7.0,5.46875,5.46875,116,12,12.0,9.375,9.375
24_4_rd2,U-Net,453,452,452,276,176,176.0,38.93805309734513,38.93805309734513,271,181,181.0,40.04424778761062,40.04424778761062
24_4_rd3,U-Net,274,272,272,219,53,53.0,19.485294117647058,19.485294117647058,213,59,59.0,21.691176470588236,21.691176470588236
24_4_rr2,U-Net,364,362,362,276,86,86.0,23.756906077348066,23.756906077348066,274,88,88.0,24.30939226519337,24.30939226519337
24_4_rr3,U-Net,221,221,221,221,0,0.0,0.0,0.0,219,2,2.0,0.904977375565611,0.904977375565611
24_4_ru3,U-Net,179,178,178,179,-1,1.0,-0.5617977528089888,0.5617977528089888,171,7,7.0,3.932584269662921,3.932584269662921
25_4_ld1,U-Net,285,284,284,311,-27,27.0,-9.507042253521126,9.507042253521126,305,-21,21.0,-7.394366197183098,7.394366197183098
25_4_ld2,U-Net,193,192,192,237,-45,45.0,-23.4375,23.4375,221,-29,29.0,-15.104166666666666,15.104166666666666
25_4_ll3,U-Net,373,372,372,356,16,16.0,4.301075268817205,4.301075268817205,349,23,23.0,6.182795698924731,6.182795698924731
25_4_lr1,U-Net,441,443,443,380,63,63.0,14.221218961625281,14.221218961625281,370,73,73.0,16.478555304740404,16.478555304740404
25_4_lr2,U-Net,395,392,392,330,62,62.0,15.816326530612246,15.816326530612246,326,66,66.0,16.83673469387755,16.83673469387755
25_4_lr3,U-Net,379,378,378,367,11,11.0,2.91005291005291,2.91005291005291,357,21,21.0,5.555555555555555,5.555555555555555
25_4_lu1,U-Net,498,493,493,429,64,64.0,12.981744421906694,12.981744421906694,421,72,72.0,14.60446247464503,14.60446247464503
25_4_lu2,U-Net,447,444,444,407,37,37.0,8.333333333333332,8.333333333333332,400,44,44.0,9.90990990990991,9.90990990990991
25_4_lu3,U-Net,258,258,258,274,-16,16.0,-6.2015503875969,6.2015503875969,259,-1,1.0,-0.3875968992248062,0.3875968992248062
25_4_rd1,U-Net,401,401,402,369,33,33.0,8.208955223880597,8.208955223880597,356,46,46.0,11.442786069651742,11.442786069651742
25_4_rd2,U-Net,415,415,415,418,-3,3.0,-0.7228915662650602,0.7228915662650602,408,7,7.0,1.6867469879518073,1.6867469879518073
25_4_rd3,U-Net,279,278,278,286,-8,8.0,-2.877697841726619,2.877697841726619,277,1,1.0,0.3597122302158274,0.3597122302158274
25_4_rl1,U-Net,440,439,439,393,46,46.0,10.478359908883828,10.478359908883828,383,56,56.0,12.756264236902052,12.756264236902052
25_4_rl3,U-Net,160,160,160,191,-31,31.0,-19.375,19.375,179,-19,19.0,-11.875,11.875
25_4_rr1,U-Net,421,422,422,388,34,34.0,8.056872037914692,8.056872037914692,384,38,38.0,9.004739336492891,9.004739336492891
25_4_rr3,U-Net,131,131,131,158,-27,27.0,-20.610687022900763,20.610687022900763,146,-15,15.0,-11.450381679389313,11.450381679389313
25_4_ru2,U-Net,419,416,416,399,17,17.0,4.086538461538462,4.086538461538462,395,21,21.0,5.048076923076923,5.048076923076923
25_4_ru3,U-Net,308,308,308,327,-19,19.0,-6.1688311688311686,6.1688311688311686,318,-10,10.0,-3.2467532467532463,3.2467532467532463
26_4_ll3,U-Net,418,417,417,297,120,120.0,28.776978417266186,28.776978417266186,294,123,123.0,29.496402877697843,29.496402877697843
26_4_lr2,U-Net,423,423,423,289,134,134.0,31.678486997635936,31.678486997635936,282,141,141.0,33.33333333333333,33.33333333333333
26_4_lr3,U-Net,244,244,244,178,66,66.0,27.049180327868854,27.049180327868854,178,66,66.0,27.049180327868854,27.049180327868854
26_4_lu1,U-Net,397,394,394,313,81,81.0,20.558375634517766,20.558375634517766,307,87,87.0,22.081218274111674,22.081218274111674
26_4_lu3,U-Net,344,344,344,325,19,19.0,5.523255813953488,5.523255813953488,317,27,27.0,7.848837209302325,7.848837209302325
26_4_rd3,U-Net,151,148,148,153,-5,5.0,-3.3783783783783785,3.3783783783783785,149,-1,1.0,-0.6756756756756757,0.6756756756756757
27_4_ld1,U-Net,380,377,377,370,7,7.0,1.8567639257294428,1.8567639257294428,356,21,21.0,5.570291777188329,5.570291777188329
27_4_lr1,U-Net,348,344,344,337,7,7.0,2.0348837209302326,2.0348837209302326,330,14,14.0,4.069767441860465,4.069767441860465
27_4_lr2,U-Net,323,321,321,331,-10,10.0,-3.115264797507788,3.115264797507788,322,-1,1.0,-0.3115264797507788,0.3115264797507788
27_4_lu1,U-Net,390,388,388,371,17,17.0,4.381443298969072,4.381443298969072,364,24,24.0,6.185567010309279,6.185567010309279
27_4_lu3,U-Net,279,276,276,281,-5,5.0,-1.8115942028985508,1.8115942028985508,273,3,3.0,1.0869565217391304,1.0869565217391304
27_4_rd1,U-Net,440,439,440,386,54,54.0,12.272727272727273,12.272727272727273,375,65,65.0,14.772727272727273,14.772727272727273
27_4_rd2,U-Net,418,406,406,334,72,72.0,17.733990147783253,17.733990147783253,328,78,78.0,19.21182266009852,19.21182266009852
27_4_rd3,U-Net,252,252,252,278,-26,26.0,-10.317460317460316,10.317460317460316,266,-14,14.0,-5.555555555555555,5.555555555555555
27_4_rl1,U-Net,413,413,413,366,47,47.0,11.380145278450362,11.380145278450362,351,62,62.0,15.012106537530268,15.012106537530268
27_4_rl2,U-Net,382,379,379,363,16,16.0,4.221635883905013,4.221635883905013,360,19,19.0,5.013192612137203,5.013192612137203
27_4_rl3,U-Net,398,396,396,389,7,7.0,1.7676767676767675,1.7676767676767675,382,14,14.0,3.535353535353535,3.535353535353535
27_4_rr1,U-Net,441,440,440,411,29,29.0,6.59090909090909,6.59090909090909,404,36,36.0,8.181818181818182,8.181818181818182
27_4_rr2,U-Net,459,457,457,345,112,112.0,24.50765864332604,24.50765864332604,339,118,118.0,25.82056892778993,25.82056892778993
27_4_ru1,U-Net,351,351,351,304,47,47.0,13.390313390313391,13.390313390313391,292,59,59.0,16.80911680911681,16.80911680911681
27_4_ru2,U-Net,274,273,273,279,-6,6.0,-2.197802197802198,2.197802197802198,273,0,0.0,0.0,0.0
27_4_ru3,U-Net,146,144,144,170,-26,26.0,-18.055555555555554,18.055555555555554,158,-14,14.0,-9.722222222222223,9.722222222222223
28_4_ld2,U-Net,349,349,349,303,46,46.0,13.18051575931232,13.18051575931232,296,53,53.0,15.18624641833811,15.18624641833811
28_4_ld3,U-Net,271,270,270,269,1,1.0,0.3703703703703704,0.3703703703703704,265,5,5.0,1.8518518518518516,1.8518518518518516
28_4_ll2,U-Net,372,368,368,288,80,80.0,21.73913043478261,21.73913043478261,285,83,83.0,22.554347826086957,22.554347826086957
28_4_ll3,U-Net,239,238,238,252,-14,14.0,-5.88235294117647,5.88235294117647,245,-7,7.0,-2.941176470588235,2.941176470588235
28_4_lu1,U-Net,378,378,378,318,60,60.0,15.873015873015872,15.873015873015872,312,66,66.0,17.46031746031746,17.46031746031746
28_4_lu3,U-Net,250,248,248,210,38,38.0,15.32258064516129,15.32258064516129,208,40,40.0,16.129032258064516,16.129032258064516
28_4_rl3,U-Net,224,224,224,194,30,30.0,13.392857142857142,13.392857142857142,191,33,33.0,14.732142857142858,14.732142857142858
29_4_ld1,U-Net,499,499,499,295,204,204.0,40.88176352705411,40.88176352705411,287,212,212.0,42.48496993987976,42.48496993987976
29_4_ld2,U-Net,447,443,443,304,139,139.0,31.376975169300223,31.376975169300223,299,144,144.0,32.50564334085779,32.50564334085779
29_4_ld3,U-Net,264,257,257,219,38,38.0,14.785992217898833,14.785992217898833,215,42,42.0,16.342412451361866,16.342412451361866
29_4_ll2,U-Net,500,499,499,338,161,161.0,32.26452905811623,32.26452905811623,330,169,169.0,33.86773547094188,33.86773547094188
29_4_ll3,U-Net,345,345,345,301,44,44.0,12.753623188405797,12.753623188405797,296,49,49.0,14.202898550724639,14.202898550724639
29_4_lr2,U-Net,379,379,379,237,142,142.0,37.46701846965699,37.46701846965699,233,146,146.0,38.522427440633244,38.522427440633244
29_4_lr3,U-Net,342,336,336,258,78,78.0,23.214285714285715,23.214285714285715,257,79,79.0,23.511904761904763,23.511904761904763
29_4_lu2,U-Net,415,411,411,262,149,149.0,36.25304136253041,36.25304136253041,253,158,158.0,38.44282238442822,38.44282238442822
29_4_rd1,U-Net,377,375,375,216,159,159.0,42.4,42.4,216,159,159.0,42.4,42.4
29_4_rd2,U-Net,296,295,295,219,76,76.0,25.76271186440678,25.76271186440678,213,82,82.0,27.796610169491526,27.796610169491526
29_4_rd3,U-Net,231,230,230,194,36,36.0,15.65217391304348,15.65217391304348,192,38,38.0,16.52173913043478,16.52173913043478
29_4_rl3,U-Net,309,306,306,295,11,11.0,3.594771241830065,3.594771241830065,287,19,19.0,6.209150326797386,6.209150326797386
29_4_rr1,U-Net,447,446,446,334,112,112.0,25.112107623318387,25.112107623318387,326,120,120.0,26.905829596412556,26.905829596412556
29_4_rr2,U-Net,320,319,319,292,27,27.0,8.463949843260188,8.463949843260188,280,39,39.0,12.225705329153605,12.225705329153605
29_4_rr3,U-Net,204,201,201,198,3,3.0,1.4925373134328357,1.4925373134328357,194,7,7.0,3.482587064676617,3.482587064676617
29_4_ru2,U-Net,438,437,437,345,92,92.0,21.052631578947366,21.052631578947366,341,96,96.0,21.96796338672769,21.96796338672769
29_4_ru3,U-Net,272,272,272,263,9,9.0,3.308823529411765,3.308823529411765,257,15,15.0,5.514705882352941,5.514705882352941
2ld1,U-Net,457,456,456,403,53,53.0,11.62280701754386,11.62280701754386,392,64,64.0,14.035087719298245,14.035087719298245
2ld2,U-Net,406,403,403,378,25,25.0,6.20347394540943,6.20347394540943,370,33,33.0,8.188585607940446,8.188585607940446
2ll1,U-Net,370,369,369,315,54,54.0,14.634146341463413,14.634146341463413,307,62,62.0,16.802168021680217,16.802168021680217
2lr1,U-Net,535,526,526,440,86,86.0,16.34980988593156,16.34980988593156,424,102,102.0,19.39163498098859,19.39163498098859
2lr2,U-Net,280,268,268,287,-19,19.0,-7.08955223880597,7.08955223880597,279,-11,11.0,-4.104477611940299,4.104477611940299
2lr3,U-Net,181,180,180,213,-33,33.0,-18.333333333333332,18.333333333333332,201,-21,21.0,-11.666666666666666,11.666666666666666
2lu1,U-Net,423,419,418,395,23,23.0,5.502392344497608,5.502392344497608,391,27,27.0,6.4593301435406705,6.4593301435406705
2lu2,U-Net,518,508,508,461,47,47.0,9.251968503937007,9.251968503937007,449,59,59.0,11.614173228346457,11.614173228346457
2lu3,U-Net,137,133,133,144,-11,11.0,-8.270676691729323,8.270676691729323,139,-6,6.0,-4.511278195488721,4.511278195488721
2rd1,U-Net,394,393,393,387,6,6.0,1.5267175572519083,1.5267175572519083,375,18,18.0,4.580152671755725,4.580152671755725
2rd2,U-Net,258,258,258,279,-21,21.0,-8.13953488372093,8.13953488372093,271,-13,13.0,-5.038759689922481,5.038759689922481
2rd3,U-Net,122,122,122,152,-30,30.0,-24.59016393442623,24.59016393442623,147,-25,25.0,-20.491803278688526,20.491803278688526
2rl1,U-Net,366,365,365,354,11,11.0,3.0136986301369864,3.0136986301369864,349,16,16.0,4.383561643835616,4.383561643835616
2rl2,U-Net,437,430,431,402,29,29.0,6.728538283062645,6.728538283062645,394,37,37.0,8.584686774941995,8.584686774941995
2rr1,U-Net,386,384,384,346,38,38.0,9.895833333333332,9.895833333333332,343,41,41.0,10.677083333333332,10.677083333333332
2rr2,U-Net,457,452,452,417,35,35.0,7.7433628318584065,7.7433628318584065,410,42,42.0,9.29203539823009,9.29203539823009
2rr3,U-Net,236,235,235,273,-38,38.0,-16.170212765957448,16.170212765957448,259,-24,24.0,-10.212765957446807,10.212765957446807
30_4_ld1,U-Net,425,424,424,402,22,22.0,5.188679245283019,5.188679245283019,392,32,32.0,7.547169811320755,7.547169811320755
30_4_ld2,U-Net,408,405,405,396,9,9.0,2.2222222222222223,2.2222222222222223,386,19,19.0,4.691358024691358,4.691358024691358
30_4_ld3,U-Net,267,266,266,282,-16,16.0,-6.015037593984962,6.015037593984962,271,-5,5.0,-1.8796992481203008,1.8796992481203008
30_4_ll1,U-Net,463,460,460,436,24,24.0,5.217391304347826,5.217391304347826,428,32,32.0,6.956521739130435,6.956521739130435
30_4_ll2,U-Net,369,369,369,375,-6,6.0,-1.6260162601626018,1.6260162601626018,365,4,4.0,1.084010840108401,1.084010840108401
30_4_ll3,U-Net,243,243,243,268,-25,25.0,-10.2880658436214,10.2880658436214,261,-18,18.0,-7.4074074074074066,7.4074074074074066
30_4_lr1,U-Net,410,406,406,386,20,20.0,4.926108374384237,4.926108374384237,381,25,25.0,6.157635467980295,6.157635467980295
30_4_lr2,U-Net,349,349,349,363,-14,14.0,-4.011461318051576,4.011461318051576,354,-5,5.0,-1.4326647564469914,1.4326647564469914
30_4_lr3,U-Net,263,264,264,300,-36,36.0,-13.636363636363635,13.636363636363635,283,-19,19.0,-7.196969696969697,7.196969696969697
30_4_lu1,U-Net,361,361,361,404,-43,43.0,-11.911357340720222,11.911357340720222,396,-35,35.0,-9.695290858725762,9.695290858725762
30_4_lu2,U-Net,351,350,350,371,-21,21.0,-6.0,6.0,361,-11,11.0,-3.1428571428571432,3.1428571428571432
30_4_rd1,U-Net,428,427,427,408,19,19.0,4.449648711943794,4.449648711943794,398,29,29.0,6.791569086651054,6.791569086651054
30_4_rd3,U-Net,207,205,205,212,-7,7.0,-3.414634146341464,3.414634146341464,204,1,1.0,0.4878048780487805,0.4878048780487805
30_4_rl2,U-Net,447,446,446,388,58,58.0,13.004484304932735,13.004484304932735,377,69,69.0,15.47085201793722,15.47085201793722
30_4_rl3,U-Net,313,308,308,241,67,67.0,21.753246753246753,21.753246753246753,239,69,69.0,22.4025974025974,22.4025974025974
30_4_rr1,U-Net,433,427,427,402,25,25.0,5.85480093676815,5.85480093676815,393,34,34.0,7.962529274004685,7.962529274004685
30_4_rr2,U-Net,426,426,426,419,7,7.0,1.643192488262911,1.643192488262911,408,18,18.0,4.225352112676056,4.225352112676056
30_4_rr3,U-Net,189,188,188,220,-32,32.0,-17.02127659574468,17.02127659574468,213,-25,25.0,-13.297872340425531,13.297872340425531
30_4_ru1,U-Net,390,388,388,392,-4,4.0,-1.0309278350515463,1.0309278350515463,383,5,5.0,1.2886597938144329,1.2886597938144329
30_4_ru2,U-Net,382,381,381,388,-7,7.0,-1.837270341207349,1.837270341207349,382,-1,1.0,-0.26246719160104987,0.26246719160104987
30_4_ru3,U-Net,243,243,243,263,-20,20.0,-8.23045267489712,8.23045267489712,252,-9,9.0,-3.7037037037037033,3.7037037037037033
31_8_ld2,U-Net,551,550,550,437,113,113.0,20.545454545454543,20.545454545454543,422,128,128.0,23.272727272727273,23.272727272727273
31_8_ld3,U-Net,216,216,216,235,-19,19.0,-8.796296296296296,8.796296296296296,232,-16,16.0,-7.4074074074074066,7.4074074074074066
31_8_ll1,U-Net,542,542,542,367,175,175.0,32.28782287822878,32.28782287822878,354,188,188.0,34.686346863468636,34.686346863468636
31_8_ll2,U-Net,514,514,514,385,129,129.0,25.09727626459144,25.09727626459144,381,133,133.0,25.87548638132296,25.87548638132296
31_8_ll3,U-Net,74,74,74,106,-32,32.0,-43.24324324324324,43.24324324324324,99,-25,25.0,-33.78378378378378,33.78378378378378
31_8_lr1,U-Net,524,524,524,378,146,146.0,27.86259541984733,27.86259541984733,363,161,161.0,30.725190839694655,30.725190839694655
31_8_lr2,U-Net,568,568,568,393,175,175.0,30.809859154929576,30.809859154929576,384,184,184.0,32.3943661971831,32.3943661971831
31_8_lr3,U-Net,142,142,142,176,-34,34.0,-23.943661971830984,23.943661971830984,172,-30,30.0,-21.12676056338028,21.12676056338028
31_8_rd1,U-Net,540,539,539,185,354,354.0,65.67717996289424,65.67717996289424,170,369,369.0,68.46011131725417,68.46011131725417
31_8_rl1,U-Net,563,563,563,446,117,117.0,20.781527531083483,20.781527531083483,433,130,130.0,23.090586145648313,23.090586145648313
31_8_rl2,U-Net,570,570,570,470,100,100.0,17.543859649122805,17.543859649122805,459,111,111.0,19.473684210526315,19.473684210526315
31_8_rl3,U-Net,256,256,256,249,7,7.0,2.734375,2.734375,240,16,16.0,6.25,6.25
31_8_rr2,U-Net,553,553,553,438,115,115.0,20.795660036166367,20.795660036166367,426,127,127.0,22.965641952983727,22.965641952983727
31_8_rr3,U-Net,212,212,212,239,-27,27.0,-12.735849056603774,12.735849056603774,224,-12,12.0,-5.660377358490567,5.660377358490567
31_8_ru1,U-Net,615,614,614,467,147,147.0,23.941368078175895,23.941368078175895,460,154,154.0,25.0814332247557,25.0814332247557
31_8_ru2,U-Net,638,638,638,498,140,140.0,21.9435736677116,21.9435736677116,484,154,154.0,24.137931034482758,24.137931034482758
31_8_ru3,U-Net,388,388,388,340,48,48.0,12.371134020618557,12.371134020618557,335,53,53.0,13.65979381443299,13.65979381443299
31ld1,U-Net,509,506,506,459,47,47.0,9.288537549407115,9.288537549407115,452,54,54.0,10.67193675889328,10.67193675889328
31ld2,U-Net,520,518,518,437,81,81.0,15.637065637065636,15.637065637065636,428,90,90.0,17.374517374517374,17.374517374517374
31ld3,U-Net,274,273,273,297,-24,24.0,-8.791208791208792,8.791208791208792,287,-14,14.0,-5.128205128205128,5.128205128205128
31ll1,U-Net,404,404,404,369,35,35.0,8.663366336633663,8.663366336633663,352,52,52.0,12.871287128712872,12.871287128712872
31ll2,U-Net,378,376,376,368,8,8.0,2.127659574468085,2.127659574468085,358,18,18.0,4.787234042553192,4.787234042553192
31ll3,U-Net,326,326,326,348,-22,22.0,-6.748466257668712,6.748466257668712,333,-7,7.0,-2.147239263803681,2.147239263803681
31lr2,U-Net,168,168,168,230,-62,62.0,-36.904761904761905,36.904761904761905,223,-55,55.0,-32.73809523809524,32.73809523809524
31lu1,U-Net,486,482,482,378,104,104.0,21.57676348547718,21.57676348547718,371,111,111.0,23.029045643153527,23.029045643153527
31rd1,U-Net,527,527,527,394,133,133.0,25.23719165085389,25.23719165085389,383,144,144.0,27.32447817836812,27.32447817836812
31rd2,U-Net,406,402,402,401,1,1.0,0.24875621890547264,0.24875621890547264,392,10,10.0,2.4875621890547266,2.4875621890547266
31rd3,U-Net,247,247,247,275,-28,28.0,-11.336032388663968,11.336032388663968,263,-16,16.0,-6.477732793522267,6.477732793522267
31rl1,U-Net,346,338,338,341,-3,3.0,-0.8875739644970414,0.8875739644970414,336,2,2.0,0.591715976331361,0.591715976331361
31rl2,U-Net,232,239,239,255,-16,16.0,-6.694560669456067,6.694560669456067,248,-9,9.0,-3.765690376569038,3.765690376569038
31rl3,U-Net,177,177,177,199,-22,22.0,-12.429378531073446,12.429378531073446,186,-9,9.0,-5.084745762711865,5.084745762711865
31rr1,U-Net,387,384,384,342,42,42.0,10.9375,10.9375,330,54,54.0,14.0625,14.0625
31rr3,U-Net,172,171,171,184,-13,13.0,-7.602339181286549,7.602339181286549,177,-6,6.0,-3.508771929824561,3.508771929824561
31ru1,U-Net,369,369,369,363,6,6.0,1.6260162601626018,1.6260162601626018,355,14,14.0,3.7940379403794036,3.7940379403794036
31ru2,U-Net,443,441,441,390,51,51.0,11.564625850340136,11.564625850340136,382,59,59.0,13.378684807256235,13.378684807256235
31ru3,U-Net,188,186,186,201,-15,15.0,-8.064516129032258,8.064516129032258,188,-2,2.0,-1.0752688172043012,1.0752688172043012
32ll1,U-Net,491,494,494,423,71,71.0,14.37246963562753,14.37246963562753,413,81,81.0,16.39676113360324,16.39676113360324
32ll2,U-Net,373,373,373,351,22,22.0,5.898123324396782,5.898123324396782,342,31,31.0,8.310991957104557,8.310991957104557
32ll3,U-Net,134,133,133,156,-23,23.0,-17.293233082706767,17.293233082706767,147,-14,14.0,-10.526315789473683,10.526315789473683
32lr1,U-Net,465,465,465,407,58,58.0,12.473118279569892,12.473118279569892,400,65,65.0,13.978494623655912,13.978494623655912
32lr2,U-Net,529,529,529,447,82,82.0,15.500945179584122,15.500945179584122,436,93,93.0,17.580340264650285,17.580340264650285
32lr3,U-Net,281,279,279,283,-4,4.0,-1.4336917562724014,1.4336917562724014,278,1,1.0,0.35842293906810035,0.35842293906810035
32lu1,U-Net,423,423,423,398,25,25.0,5.91016548463357,5.91016548463357,392,31,31.0,7.328605200945626,7.328605200945626
32rd1,U-Net,467,467,467,384,83,83.0,17.77301927194861,17.77301927194861,372,95,95.0,20.342612419700217,20.342612419700217
32rd2,U-Net,441,441,441,340,101,101.0,22.90249433106576,22.90249433106576,335,106,106.0,24.03628117913832,24.03628117913832
32rd3,U-Net,171,171,171,187,-16,16.0,-9.35672514619883,9.35672514619883,175,-4,4.0,-2.3391812865497075,2.3391812865497075
32rl1,U-Net,504,503,503,420,83,83.0,16.50099403578529,16.50099403578529,408,95,95.0,18.886679920477135,18.886679920477135
32rl3,U-Net,325,325,325,318,7,7.0,2.1538461538461537,2.1538461538461537,310,15,15.0,4.615384615384616,4.615384615384616
32rr1,U-Net,481,481,481,414,67,67.0,13.92931392931393,13.92931392931393,406,75,75.0,15.592515592515593,15.592515592515593
32rr2,U-Net,462,460,460,405,55,55.0,11.956521739130435,11.956521739130435,397,63,63.0,13.695652173913043,13.695652173913043
32ru1,U-Net,490,490,490,414,76,76.0,15.510204081632653,15.510204081632653,399,91,91.0,18.571428571428573,18.571428571428573
32ru2,U-Net,486,486,486,417,69,69.0,14.19753086419753,14.19753086419753,410,76,76.0,15.637860082304528,15.637860082304528
32ru3,U-Net,341,339,339,322,17,17.0,5.014749262536873,5.014749262536873,310,29,29.0,8.55457227138643,8.55457227138643
33_8_ld1,U-Net,428,428,428,399,29,29.0,6.775700934579438,6.775700934579438,392,36,36.0,8.411214953271028,8.411214953271028
33_8_ld2,U-Net,408,408,408,401,7,7.0,1.715686274509804,1.715686274509804,393,15,15.0,3.6764705882352944,3.6764705882352944
33_8_ll1,U-Net,373,373,373,367,6,6.0,1.6085790884718498,1.6085790884718498,358,15,15.0,4.021447721179625,4.021447721179625
33_8_lr2,U-Net,191,190,190,205,-15,15.0,-7.894736842105263,7.894736842105263,198,-8,8.0,-4.2105263157894735,4.2105263157894735
33_8_lr3,U-Net,153,154,154,179,-25,25.0,-16.233766233766232,16.233766233766232,170,-16,16.0,-10.38961038961039,10.38961038961039
33_8_lu2,U-Net,447,445,445,398,47,47.0,10.561797752808989,10.561797752808989,386,59,59.0,13.258426966292136,13.258426966292136
33_8_lu3,U-Net,240,239,239,237,2,2.0,0.8368200836820083,0.8368200836820083,233,6,6.0,2.510460251046025,2.510460251046025
33_8_rd1,U-Net,414,413,413,401,12,12.0,2.9055690072639226,2.9055690072639226,392,21,21.0,5.084745762711865,5.084745762711865
33_8_rd2,U-Net,453,452,452,435,17,17.0,3.761061946902655,3.761061946902655,429,23,23.0,5.0884955752212395,5.0884955752212395
33_8_rd3,U-Net,215,215,215,231,-16,16.0,-7.441860465116279,7.441860465116279,224,-9,9.0,-4.186046511627907,4.186046511627907
33_8_rl1,U-Net,436,435,435,406,29,29.0,6.666666666666667,6.666666666666667,395,40,40.0,9.195402298850574,9.195402298850574
33_8_rl2,U-Net,465,459,459,409,50,50.0,10.893246187363834,10.893246187363834,403,56,56.0,12.200435729847495,12.200435729847495
33_8_rl3,U-Net,232,231,231,245,-14,14.0,-6.0606060606060606,6.0606060606060606,236,-5,5.0,-2.1645021645021645,2.1645021645021645
33_8_rr1,U-Net,471,471,471,436,35,35.0,7.43099787685775,7.43099787685775,427,44,44.0,9.341825902335456,9.341825902335456
33_8_rr2,U-Net,268,267,267,271,-4,4.0,-1.4981273408239701,1.4981273408239701,263,4,4.0,1.4981273408239701,1.4981273408239701
33_8_rr3,U-Net,128,128,128,157,-29,29.0,-22.65625,22.65625,149,-21,21.0,-16.40625,16.40625
33_8_ru1,U-Net,424,422,422,412,10,10.0,2.3696682464454977,2.3696682464454977,404,18,18.0,4.265402843601896,4.265402843601896
33_8_ru2,U-Net,363,362,362,368,-6,6.0,-1.6574585635359116,1.6574585635359116,360,2,2.0,0.5524861878453038,0.5524861878453038
33_8_ru3,U-Net,272,270,270,290,-20,20.0,-7.4074074074074066,7.4074074074074066,282,-12,12.0,-4.444444444444445,4.444444444444445
33ld2,U-Net,493,491,491,429,62,62.0,12.627291242362526,12.627291242362526,424,67,67.0,13.64562118126273,13.64562118126273
33ll1,U-Net,439,436,436,407,29,29.0,6.651376146788992,6.651376146788992,398,38,38.0,8.715596330275229,8.715596330275229
33ll2,U-Net,478,470,469,453,16,16.0,3.411513859275053,3.411513859275053,447,22,22.0,4.690831556503198,4.690831556503198
33ll3,U-Net,438,435,435,416,19,19.0,4.3678160919540225,4.3678160919540225,411,24,24.0,5.517241379310345,5.517241379310345
33lr2,U-Net,439,437,437,450,-13,13.0,-2.9748283752860414,2.9748283752860414,440,-3,3.0,-0.6864988558352403,0.6864988558352403
33lu1,U-Net,362,361,361,346,15,15.0,4.1551246537396125,4.1551246537396125,334,27,27.0,7.479224376731302,7.479224376731302
33lu2,U-Net,288,284,284,308,-24,24.0,-8.450704225352112,8.450704225352112,304,-20,20.0,-7.042253521126761,7.042253521126761
33lu3,U-Net,157,157,157,182,-25,25.0,-15.92356687898089,15.92356687898089,174,-17,17.0,-10.828025477707007,10.828025477707007
33rd1,U-Net,440,438,438,399,39,39.0,8.904109589041095,8.904109589041095,392,46,46.0,10.50228310502283,10.50228310502283
33rd2,U-Net,430,428,428,427,1,1.0,0.23364485981308408,0.23364485981308408,413,15,15.0,3.5046728971962615,3.5046728971962615
33rd3,U-Net,295,291,291,317,-26,26.0,-8.934707903780069,8.934707903780069,313,-22,22.0,-7.560137457044673,7.560137457044673
33rl1,U-Net,441,438,438,411,27,27.0,6.164383561643835,6.164383561643835,401,37,37.0,8.447488584474886,8.447488584474886
33rl2,U-Net,454,452,452,433,19,19.0,4.20353982300885,4.20353982300885,425,27,27.0,5.9734513274336285,5.9734513274336285
33rl3,U-Net,332,330,329,341,-12,12.0,-3.64741641337386,3.64741641337386,332,-3,3.0,-0.911854103343465,0.911854103343465
33rr1,U-Net,408,407,407,385,22,22.0,5.405405405405405,5.405405405405405,377,30,30.0,7.371007371007371,7.371007371007371
33rr2,U-Net,421,421,421,367,54,54.0,12.826603325415679,12.826603325415679,360,61,61.0,14.489311163895488,14.489311163895488
33ru1,U-Net,448,447,447,363,84,84.0,18.79194630872483,18.79194630872483,360,87,87.0,19.463087248322147,19.463087248322147
33ru2,U-Net,420,418,418,413,5,5.0,1.1961722488038278,1.1961722488038278,406,12,12.0,2.8708133971291865,2.8708133971291865
33ru3,U-Net,231,241,241,254,-13,13.0,-5.394190871369295,5.394190871369295,240,1,1.0,0.4149377593360996,0.4149377593360996
34_8_ld1,U-Net,392,391,392,373,19,19.0,4.846938775510204,4.846938775510204,365,27,27.0,6.887755102040815,6.887755102040815
34_8_ld3,U-Net,287,287,287,292,-5,5.0,-1.7421602787456445,1.7421602787456445,285,2,2.0,0.6968641114982579,0.6968641114982579
34_8_ll1,U-Net,441,443,443,436,7,7.0,1.580135440180587,1.580135440180587,422,21,21.0,4.740406320541761,4.740406320541761
34_8_ll2,U-Net,357,356,356,368,-12,12.0,-3.3707865168539324,3.3707865168539324,357,-1,1.0,-0.2808988764044944,0.2808988764044944
34_8_ll3,U-Net,251,252,252,275,-23,23.0,-9.126984126984127,9.126984126984127,262,-10,10.0,-3.968253968253968,3.968253968253968
34_8_lr1,U-Net,474,474,474,430,44,44.0,9.282700421940929,9.282700421940929,421,53,53.0,11.181434599156118,11.181434599156118
34_8_lr3,U-Net,258,257,257,270,-13,13.0,-5.058365758754864,5.058365758754864,262,-5,5.0,-1.9455252918287937,1.9455252918287937
34_8_lu2,U-Net,430,429,429,403,26,26.0,6.0606060606060606,6.0606060606060606,395,34,34.0,7.925407925407925,7.925407925407925
34_8_rd2,U-Net,406,404,404,378,26,26.0,6.435643564356436,6.435643564356436,376,28,28.0,6.9306930693069315,6.9306930693069315
34_8_rd3,U-Net,191,191,191,221,-30,30.0,-15.706806282722512,15.706806282722512,214,-23,23.0,-12.041884816753926,12.041884816753926
34_8_rl2,U-Net,424,423,423,383,40,40.0,9.456264775413711,9.456264775413711,374,49,49.0,11.583924349881796,11.583924349881796
34_8_rl3,U-Net,316,314,314,316,-2,2.0,-0.6369426751592357,0.6369426751592357,302,12,12.0,3.821656050955414,3.821656050955414
34_8_rr1,U-Net,421,421,421,406,15,15.0,3.5629453681710213,3.5629453681710213,392,29,29.0,6.88836104513064,6.88836104513064
34_8_rr2,U-Net,342,341,341,349,-8,8.0,-2.346041055718475,2.346041055718475,342,-1,1.0,-0.2932551319648094,0.2932551319648094
34_8_rr3,U-Net,283,282,282,301,-19,19.0,-6.73758865248227,6.73758865248227,289,-7,7.0,-2.4822695035460995,2.4822695035460995
34_8_ru1,U-Net,401,408,408,396,12,12.0,2.941176470588235,2.941176470588235,389,19,19.0,4.6568627450980395,4.6568627450980395
34_8_ru2,U-Net,261,261,261,277,-16,16.0,-6.130268199233716,6.130268199233716,272,-11,11.0,-4.21455938697318,4.21455938697318
34_8_ru3,U-Net,412,411,411,397,14,14.0,3.40632603406326,3.40632603406326,391,20,20.0,4.866180048661801,4.866180048661801
34ld3,U-Net,227,227,227,220,7,7.0,3.0837004405286343,3.0837004405286343,214,13,13.0,5.726872246696035,5.726872246696035
34lr2,U-Net,355,352,352,328,24,24.0,6.8181818181818175,6.8181818181818175,319,33,33.0,9.375,9.375
34lr3,U-Net,134,135,135,158,-23,23.0,-17.037037037037038,17.037037037037038,156,-21,21.0,-15.555555555555555,15.555555555555555
34rd1,U-Net,404,400,400,282,118,118.0,29.5,29.5,274,126,126.0,31.5,31.5
34rd2,U-Net,297,295,295,269,26,26.0,8.813559322033898,8.813559322033898,266,29,29.0,9.830508474576272,9.830508474576272
34rd3,U-Net,146,146,146,172,-26,26.0,-17.80821917808219,17.80821917808219,167,-21,21.0,-14.383561643835616,14.383561643835616
34rl1,U-Net,394,393,393,372,21,21.0,5.343511450381679,5.343511450381679,361,32,32.0,8.142493638676845,8.142493638676845
34rl2,U-Net,390,388,388,313,75,75.0,19.329896907216497,19.329896907216497,309,79,79.0,20.36082474226804,20.36082474226804
34rl3,U-Net,256,256,256,269,-13,13.0,-5.078125,5.078125,261,-5,5.0,-1.953125,1.953125
34rr1,U-Net,395,392,392,373,19,19.0,4.846938775510204,4.846938775510204,363,29,29.0,7.3979591836734695,7.3979591836734695
34rr2,U-Net,386,381,381,326,55,55.0,14.435695538057743,14.435695538057743,317,64,64.0,16.79790026246719,16.79790026246719
34ru2,U-Net,405,401,401,406,-5,5.0,-1.2468827930174564,1.2468827930174564,398,3,3.0,0.7481296758104738,0.7481296758104738
34ru3,U-Net,287,287,287,256,31,31.0,10.801393728222997,10.801393728222997,250,37,37.0,12.89198606271777,12.89198606271777
35_8_ld1,U-Net,417,414,414,398,16,16.0,3.864734299516908,3.864734299516908,391,23,23.0,5.555555555555555,5.555555555555555
35_8_ld2,U-Net,432,431,431,408,23,23.0,5.336426914153132,5.336426914153132,399,32,32.0,7.424593967517401,7.424593967517401
35_8_ld3,U-Net,237,237,237,244,-7,7.0,-2.9535864978902953,2.9535864978902953,237,0,0.0,0.0,0.0
35_8_ll1,U-Net,419,417,417,398,19,19.0,4.556354916067146,4.556354916067146,391,26,26.0,6.235011990407674,6.235011990407674
35_8_ll2,U-Net,265,265,265,274,-9,9.0,-3.3962264150943398,3.3962264150943398,266,-1,1.0,-0.37735849056603776,0.37735849056603776
35_8_ll3,U-Net,127,126,126,142,-16,16.0,-12.698412698412698,12.698412698412698,138,-12,12.0,-9.523809523809524,9.523809523809524
35_8_lr1,U-Net,433,435,435,411,24,24.0,5.517241379310345,5.517241379310345,402,33,33.0,7.586206896551724,7.586206896551724
35_8_lr2,U-Net,416,416,416,409,7,7.0,1.6826923076923077,1.6826923076923077,401,15,15.0,3.6057692307692304,3.6057692307692304
35_8_lr3,U-Net,194,194,194,217,-23,23.0,-11.855670103092782,11.855670103092782,207,-13,13.0,-6.701030927835052,6.701030927835052
35_8_lu3,U-Net,296,295,295,293,2,2.0,0.6779661016949152,0.6779661016949152,284,11,11.0,3.728813559322034,3.728813559322034
35_8_rd1,U-Net,438,437,438,413,25,25.0,5.707762557077626,5.707762557077626,408,30,30.0,6.8493150684931505,6.8493150684931505
35_8_rd2,U-Net,441,439,439,423,16,16.0,3.644646924829157,3.644646924829157,409,30,30.0,6.83371298405467,6.83371298405467
35_8_rd3,U-Net,352,351,351,340,11,11.0,3.133903133903134,3.133903133903134,327,24,24.0,6.837606837606838,6.837606837606838
35_8_rl1,U-Net,444,441,441,398,43,43.0,9.750566893424036,9.750566893424036,391,50,50.0,11.337868480725625,11.337868480725625
35_8_rl2,U-Net,431,431,431,394,37,37.0,8.584686774941995,8.584686774941995,385,46,46.0,10.672853828306264,10.672853828306264
35_8_rl3,U-Net,260,260,260,274,-14,14.0,-5.384615384615385,5.384615384615385,268,-8,8.0,-3.076923076923077,3.076923076923077
35_8_rr1,U-Net,430,428,428,396,32,32.0,7.476635514018691,7.476635514018691,392,36,36.0,8.411214953271028,8.411214953271028
35_8_rr2,U-Net,380,378,378,367,11,11.0,2.91005291005291,2.91005291005291,351,27,27.0,7.142857142857142,7.142857142857142
35_8_rr3,U-Net,121,120,120,140,-20,20.0,-16.666666666666664,16.666666666666664,131,-11,11.0,-9.166666666666666,9.166666666666666
35_8_ru1,U-Net,433,433,433,397,36,36.0,8.314087759815243,8.314087759815243,388,45,45.0,10.392609699769054,10.392609699769054
35_8_ru2,U-Net,411,407,407,395,12,12.0,2.9484029484029484,2.9484029484029484,380,27,27.0,6.6339066339066335,6.6339066339066335
35_8_ru3,U-Net,273,272,272,287,-15,15.0,-5.514705882352941,5.514705882352941,282,-10,10.0,-3.6764705882352944,3.6764705882352944
35ld1,U-Net,444,450,450,401,49,49.0,10.888888888888888,10.888888888888888,395,55,55.0,12.222222222222221,12.222222222222221
35ld2,U-Net,324,322,322,333,-11,11.0,-3.4161490683229814,3.4161490683229814,323,-1,1.0,-0.3105590062111801,0.3105590062111801
35ll1,U-Net,502,499,499,412,87,87.0,17.43486973947896,17.43486973947896,402,97,97.0,19.438877755511022,19.438877755511022
35ll2,U-Net,251,250,250,195,55,55.0,22.0,22.0,194,56,56.0,22.400000000000002,22.400000000000002
35ll3,U-Net,160,160,160,172,-12,12.0,-7.5,7.5,164,-4,4.0,-2.5,2.5
35lr1,U-Net,363,359,359,348,11,11.0,3.064066852367688,3.064066852367688,340,19,19.0,5.2924791086350975,5.2924791086350975
35lr2,U-Net,425,423,423,323,100,100.0,23.64066193853428,23.64066193853428,311,112,112.0,26.47754137115839,26.47754137115839
35lr3,U-Net,316,316,316,324,-8,8.0,-2.5316455696202533,2.5316455696202533,320,-4,4.0,-1.2658227848101267,1.2658227848101267
35lu2,U-Net,507,505,506,450,56,56.0,11.067193675889328,11.067193675889328,434,72,72.0,14.229249011857709,14.229249011857709
35lu3,U-Net,204,202,202,228,-26,26.0,-12.871287128712872,12.871287128712872,220,-18,18.0,-8.91089108910891,8.91089108910891
35rd3,U-Net,234,223,223,263,-40,40.0,-17.937219730941703,17.937219730941703,251,-28,28.0,-12.556053811659194,12.556053811659194
35rl1,U-Net,421,422,422,325,97,97.0,22.985781990521325,22.985781990521325,317,105,105.0,24.881516587677723,24.881516587677723
35rl2,U-Net,264,261,261,295,-34,34.0,-13.026819923371647,13.026819923371647,288,-27,27.0,-10.344827586206897,10.344827586206897
35rr1,U-Net,323,322,322,329,-7,7.0,-2.1739130434782608,2.1739130434782608,324,-2,2.0,-0.6211180124223602,0.6211180124223602
35rr3,U-Net,240,243,243,268,-25,25.0,-10.2880658436214,10.2880658436214,260,-17,17.0,-6.995884773662551,6.995884773662551
35ru1,U-Net,426,422,422,388,34,34.0,8.056872037914692,8.056872037914692,383,39,39.0,9.24170616113744,9.24170616113744
35ru2,U-Net,367,365,365,379,-14,14.0,-3.8356164383561646,3.8356164383561646,368,-3,3.0,-0.821917808219178,0.821917808219178
35ru3,U-Net,322,322,322,371,-49,49.0,-15.217391304347828,15.217391304347828,360,-38,38.0,-11.801242236024844,11.801242236024844
36_8_ld1,U-Net,464,463,463,428,35,35.0,7.559395248380129,7.559395248380129,421,42,42.0,9.071274298056156,9.071274298056156
36_8_ld2,U-Net,329,329,329,353,-24,24.0,-7.29483282674772,7.29483282674772,346,-17,17.0,-5.167173252279635,5.167173252279635
36_8_ld3,U-Net,268,265,265,282,-17,17.0,-6.415094339622642,6.415094339622642,276,-11,11.0,-4.150943396226415,4.150943396226415
36_8_ll2,U-Net,302,303,303,302,1,1.0,0.33003300330033003,0.33003300330033003,296,7,7.0,2.31023102310231,2.31023102310231
36_8_ll3,U-Net,166,168,168,192,-24,24.0,-14.285714285714285,14.285714285714285,185,-17,17.0,-10.119047619047619,10.119047619047619
36_8_lr2,U-Net,377,376,376,426,-50,50.0,-13.297872340425531,13.297872340425531,416,-40,40.0,-10.638297872340425,10.638297872340425
36_8_lr3,U-Net,268,266,266,286,-20,20.0,-7.518796992481203,7.518796992481203,276,-10,10.0,-3.7593984962406015,3.7593984962406015
36_8_lu2,U-Net,354,350,351,403,-52,52.0,-14.814814814814813,14.814814814814813,391,-40,40.0,-11.396011396011396,11.396011396011396
36_8_lu3,U-Net,306,304,304,303,1,1.0,0.3289473684210526,0.3289473684210526,298,6,6.0,1.9736842105263157,1.9736842105263157
36_8_rd1,U-Net,421,418,418,388,30,30.0,7.177033492822966,7.177033492822966,378,40,40.0,9.569377990430622,9.569377990430622
36_8_rd2,U-Net,245,244,244,265,-21,21.0,-8.60655737704918,8.60655737704918,257,-13,13.0,-5.327868852459016,5.327868852459016
36_8_rd3,U-Net,153,153,153,173,-20,20.0,-13.071895424836603,13.071895424836603,165,-12,12.0,-7.8431372549019605,7.8431372549019605
36_8_rl3,U-Net,139,139,139,169,-30,30.0,-21.58273381294964,21.58273381294964,161,-22,22.0,-15.827338129496402,15.827338129496402
36_8_rr3,U-Net,247,247,247,264,-17,17.0,-6.882591093117409,6.882591093117409,254,-7,7.0,-2.834008097165992,2.834008097165992
36ld1,U-Net,269,271,271,314,-43,43.0,-15.867158671586715,15.867158671586715,305,-34,34.0,-12.546125461254611,12.546125461254611
36ld2,U-Net,283,282,282,278,4,4.0,1.4184397163120568,1.4184397163120568,274,8,8.0,2.8368794326241136,2.8368794326241136
36ll1,U-Net,182,182,182,206,-24,24.0,-13.186813186813188,13.186813186813188,202,-20,20.0,-10.989010989010989,10.989010989010989
36ll2,U-Net,154,154,154,184,-30,30.0,-19.480519480519483,19.480519480519483,177,-23,23.0,-14.935064935064934,14.935064935064934
36lr2,U-Net,122,122,122,149,-27,27.0,-22.131147540983605,22.131147540983605,148,-26,26.0,-21.311475409836063,21.311475409836063
36lr3,U-Net,82,82,82,123,-41,41.0,-50.0,50.0,115,-33,33.0,-40.243902439024396,40.243902439024396
36lu1,U-Net,296,294,294,280,14,14.0,4.761904761904762,4.761904761904762,273,21,21.0,7.142857142857142,7.142857142857142
36lu2,U-Net,345,343,343,334,9,9.0,2.623906705539359,2.623906705539359,327,16,16.0,4.664723032069971,4.664723032069971
36rd1,U-Net,409,404,404,323,81,81.0,20.049504950495052,20.049504950495052,317,87,87.0,21.534653465346533,21.534653465346533
36rd2,U-Net,146,145,145,168,-23,23.0,-15.862068965517242,15.862068965517242,166,-21,21.0,-14.482758620689657,14.482758620689657
36rr1,U-Net,414,413,413,363,50,50.0,12.106537530266344,12.106537530266344,356,57,57.0,13.801452784503631,13.801452784503631
36rr2,U-Net,329,329,329,269,60,60.0,18.237082066869302,18.237082066869302,264,65,65.0,19.756838905775076,19.756838905775076
36rr3,U-Net,103,103,103,151,-48,48.0,-46.601941747572816,46.601941747572816,147,-44,44.0,-42.71844660194174,42.71844660194174
36ru1,U-Net,357,354,354,327,27,27.0,7.627118644067797,7.627118644067797,322,32,32.0,9.03954802259887,9.03954802259887
37_8_ll2,U-Net,350,347,347,335,12,12.0,3.45821325648415,3.45821325648415,322,25,25.0,7.204610951008646,7.204610951008646
37_8_ll3,U-Net,228,228,228,243,-15,15.0,-6.578947368421052,6.578947368421052,229,-1,1.0,-0.43859649122807015,0.43859649122807015
37_8_lr1,U-Net,395,394,394,367,27,27.0,6.852791878172589,6.852791878172589,359,35,35.0,8.883248730964468,8.883248730964468
37_8_rd3,U-Net,193,193,192,225,-33,33.0,-17.1875,17.1875,218,-26,26.0,-13.541666666666666,13.541666666666666
37_8_rr3,U-Net,264,264,264,290,-26,26.0,-9.848484848484848,9.848484848484848,280,-16,16.0,-6.0606060606060606,6.0606060606060606
37_8_ru3,U-Net,311,309,309,320,-11,11.0,-3.559870550161812,3.559870550161812,314,-5,5.0,-1.6181229773462782,1.6181229773462782
37ld1,U-Net,330,329,329,280,49,49.0,14.893617021276595,14.893617021276595,274,55,55.0,16.717325227963524,16.717325227963524
37ld3,U-Net,256,256,256,261,-5,5.0,-1.953125,1.953125,252,4,4.0,1.5625,1.5625
37ll1,U-Net,363,360,359,305,54,54.0,15.041782729805014,15.041782729805014,295,64,64.0,17.827298050139277,17.827298050139277
37ll3,U-Net,192,192,192,190,2,2.0,1.0416666666666665,1.0416666666666665,186,6,6.0,3.125,3.125
37lu3,U-Net,221,221,221,266,-45,45.0,-20.361990950226243,20.361990950226243,251,-30,30.0,-13.574660633484163,13.574660633484163
37rd1,U-Net,397,396,396,385,11,11.0,2.7777777777777777,2.7777777777777777,381,15,15.0,3.787878787878788,3.787878787878788
37rd3,U-Net,125,125,125,152,-27,27.0,-21.6,21.6,144,-19,19.0,-15.2,15.2
37rl1,U-Net,362,362,362,377,-15,15.0,-4.143646408839778,4.143646408839778,370,-8,8.0,-2.209944751381215,2.209944751381215
37rl2,U-Net,432,432,432,420,12,12.0,2.7777777777777777,2.7777777777777777,410,22,22.0,5.092592592592593,5.092592592592593
37rl3,U-Net,284,283,283,320,-37,37.0,-13.074204946996467,13.074204946996467,307,-24,24.0,-8.480565371024735,8.480565371024735
37rr1,U-Net,459,457,457,373,84,84.0,18.38074398249453,18.38074398249453,371,86,86.0,18.818380743982495,18.818380743982495
37ru1,U-Net,464,460,460,425,35,35.0,7.608695652173914,7.608695652173914,416,44,44.0,9.565217391304348,9.565217391304348
37ru3,U-Net,232,232,232,256,-24,24.0,-10.344827586206897,10.344827586206897,251,-19,19.0,-8.189655172413794,8.189655172413794
38_8_ld3,U-Net,98,98,98,126,-28,28.0,-28.57142857142857,28.57142857142857,124,-26,26.0,-26.53061224489796,26.53061224489796
38_8_ll1,U-Net,406,406,406,405,1,1.0,0.24630541871921183,0.24630541871921183,398,8,8.0,1.9704433497536946,1.9704433497536946
38_8_ll2,U-Net,334,333,333,344,-11,11.0,-3.303303303303303,3.303303303303303,337,-4,4.0,-1.2012012012012012,1.2012012012012012
38_8_lr1,U-Net,385,385,385,384,1,1.0,0.2597402597402597,0.2597402597402597,376,9,9.0,2.3376623376623376,2.3376623376623376
38_8_lr2,U-Net,391,387,387,389,-2,2.0,-0.516795865633075,0.516795865633075,381,6,6.0,1.550387596899225,1.550387596899225
38_8_lu1,U-Net,374,373,373,370,3,3.0,0.8042895442359249,0.8042895442359249,363,10,10.0,2.680965147453083,2.680965147453083
38_8_lu2,U-Net,245,245,245,266,-21,21.0,-8.571428571428571,8.571428571428571,256,-11,11.0,-4.489795918367347,4.489795918367347
38_8_lu3,U-Net,26,26,26,87,-61,61.0,-234.6153846153846,234.6153846153846,83,-57,57.0,-219.23076923076925,219.23076923076925
38_8_rd1,U-Net,440,442,442,424,18,18.0,4.072398190045249,4.072398190045249,411,31,31.0,7.013574660633484,7.013574660633484
38_8_rd2,U-Net,410,410,411,384,27,27.0,6.569343065693431,6.569343065693431,377,34,34.0,8.27250608272506,8.27250608272506
38_8_rd3,U-Net,281,280,280,296,-16,16.0,-5.714285714285714,5.714285714285714,285,-5,5.0,-1.7857142857142856,1.7857142857142856
38_8_rl1,U-Net,480,478,478,447,31,31.0,6.485355648535565,6.485355648535565,437,41,41.0,8.577405857740587,8.577405857740587
38_8_rl2,U-Net,255,253,253,265,-12,12.0,-4.743083003952568,4.743083003952568,259,-6,6.0,-2.371541501976284,2.371541501976284
38_8_rr1,U-Net,431,430,430,403,27,27.0,6.279069767441861,6.279069767441861,392,38,38.0,8.837209302325581,8.837209302325581
38_8_rr2,U-Net,408,408,408,401,7,7.0,1.715686274509804,1.715686274509804,394,14,14.0,3.431372549019608,3.431372549019608
38_8_rr3,U-Net,234,233,233,253,-20,20.0,-8.583690987124463,8.583690987124463,240,-7,7.0,-3.004291845493562,3.004291845493562
38_8_ru1,U-Net,428,427,427,417,10,10.0,2.3419203747072603,2.3419203747072603,406,21,21.0,4.918032786885246,4.918032786885246
38_8_ru2,U-Net,479,479,479,460,19,19.0,3.966597077244259,3.966597077244259,454,25,25.0,5.219206680584551,5.219206680584551
38_8_ru3,U-Net,284,284,284,297,-13,13.0,-4.577464788732395,4.577464788732395,286,-2,2.0,-0.7042253521126761,0.7042253521126761
38ld2,U-Net,384,383,383,380,3,3.0,0.7832898172323759,0.7832898172323759,370,13,13.0,3.3942558746736298,3.3942558746736298
38ll1,U-Net,429,426,426,364,62,62.0,14.553990610328638,14.553990610328638,351,75,75.0,17.6056338028169,17.6056338028169
38ll2,U-Net,424,422,422,415,7,7.0,1.6587677725118484,1.6587677725118484,408,14,14.0,3.3175355450236967,3.3175355450236967
38ll3,U-Net,241,240,240,236,4,4.0,1.6666666666666667,1.6666666666666667,229,11,11.0,4.583333333333333,4.583333333333333
38lr1,U-Net,474,472,472,403,69,69.0,14.61864406779661,14.61864406779661,393,79,79.0,16.73728813559322,16.73728813559322
38lr2,U-Net,242,240,240,197,43,43.0,17.916666666666668,17.916666666666668,194,46,46.0,19.166666666666668,19.166666666666668
38lr3,U-Net,143,143,143,178,-35,35.0,-24.475524475524477,24.475524475524477,172,-29,29.0,-20.27972027972028,20.27972027972028
38lu1,U-Net,406,405,405,397,8,8.0,1.9753086419753085,1.9753086419753085,383,22,22.0,5.432098765432099,5.432098765432099
38lu3,U-Net,188,187,187,220,-33,33.0,-17.647058823529413,17.647058823529413,214,-27,27.0,-14.43850267379679,14.43850267379679
38rd1,U-Net,441,439,439,387,52,52.0,11.845102505694761,11.845102505694761,373,66,66.0,15.034168564920272,15.034168564920272
38rd3,U-Net,167,167,167,256,-89,89.0,-53.293413173652695,53.293413173652695,250,-83,83.0,-49.700598802395206,49.700598802395206
38rl2,U-Net,415,414,414,409,5,5.0,1.2077294685990339,1.2077294685990339,399,15,15.0,3.6231884057971016,3.6231884057971016
38rl3,U-Net,298,296,296,327,-31,31.0,-10.472972972972974,10.472972972972974,319,-23,23.0,-7.77027027027027,7.77027027027027
38rr1,U-Net,456,456,456,406,50,50.0,10.964912280701753,10.964912280701753,396,60,60.0,13.157894736842104,13.157894736842104
38rr2,U-Net,275,275,275,317,-42,42.0,-15.272727272727273,15.272727272727273,311,-36,36.0,-13.090909090909092,13.090909090909092
38rr3,U-Net,252,252,252,261,-9,9.0,-3.571428571428571,3.571428571428571,247,5,5.0,1.984126984126984,1.984126984126984
38ru3,U-Net,296,295,295,269,26,26.0,8.813559322033898,8.813559322033898,262,33,33.0,11.186440677966102,11.186440677966102
39ld2,U-Net,365,366,366,329,37,37.0,10.10928961748634,10.10928961748634,321,45,45.0,12.295081967213115,12.295081967213115
39ld3,U-Net,187,185,185,166,19,19.0,10.27027027027027,10.27027027027027,159,26,26.0,14.054054054054054,14.054054054054054
39ll2,U-Net,332,330,330,350,-20,20.0,-6.0606060606060606,6.0606060606060606,338,-8,8.0,-2.4242424242424243,2.4242424242424243
39ll3,U-Net,290,291,291,245,46,46.0,15.807560137457044,15.807560137457044,243,48,48.0,16.49484536082474,16.49484536082474
39lr1,U-Net,385,383,383,313,70,70.0,18.27676240208877,18.27676240208877,301,82,82.0,21.409921671018274,21.409921671018274
39lr2,U-Net,410,408,408,314,94,94.0,23.03921568627451,23.03921568627451,308,100,100.0,24.509803921568626,24.509803921568626
39lu2,U-Net,435,434,434,243,191,191.0,44.00921658986175,44.00921658986175,237,197,197.0,45.39170506912442,45.39170506912442
39rd1,U-Net,440,439,439,355,84,84.0,19.134396355353076,19.134396355353076,347,92,92.0,20.956719817767656,20.956719817767656
39rd3,U-Net,207,206,206,233,-27,27.0,-13.106796116504855,13.106796116504855,220,-14,14.0,-6.796116504854369,6.796116504854369
39rl1,U-Net,487,483,483,370,113,113.0,23.395445134575567,23.395445134575567,365,118,118.0,24.43064182194617,24.43064182194617
39rl2,U-Net,500,500,500,279,221,221.0,44.2,44.2,273,227,227.0,45.4,45.4
39rl3,U-Net,314,313,313,338,-25,25.0,-7.987220447284344,7.987220447284344,332,-19,19.0,-6.070287539936102,6.070287539936102
39rr1,U-Net,455,449,449,342,107,107.0,23.83073496659243,23.83073496659243,332,117,117.0,26.057906458797326,26.057906458797326
39rr3,U-Net,210,207,207,213,-6,6.0,-2.898550724637681,2.898550724637681,205,2,2.0,0.966183574879227,0.966183574879227
39ru1,U-Net,477,474,475,345,130,130.0,27.368421052631582,27.368421052631582,335,140,140.0,29.47368421052631,29.47368421052631
39ru2,U-Net,483,479,479,362,117,117.0,24.4258872651357,24.4258872651357,348,131,131.0,27.348643006263046,27.348643006263046
39ru3,U-Net,318,318,318,274,44,44.0,13.836477987421384,13.836477987421384,264,54,54.0,16.9811320754717,16.9811320754717
3ld1,U-Net,314,312,312,326,-14,14.0,-4.487179487179487,4.487179487179487,311,1,1.0,0.3205128205128205,0.3205128205128205
3ll2,U-Net,366,362,362,327,35,35.0,9.668508287292818,9.668508287292818,317,45,45.0,12.430939226519337,12.430939226519337
3ll3,U-Net,293,291,291,295,-4,4.0,-1.3745704467353952,1.3745704467353952,285,6,6.0,2.0618556701030926,2.0618556701030926
3lr1,U-Net,362,357,357,331,26,26.0,7.282913165266107,7.282913165266107,318,39,39.0,10.92436974789916,10.92436974789916
3lr2,U-Net,267,267,267,275,-8,8.0,-2.9962546816479403,2.9962546816479403,266,1,1.0,0.37453183520599254,0.37453183520599254
3lr3,U-Net,113,112,112,132,-20,20.0,-17.857142857142858,17.857142857142858,127,-15,15.0,-13.392857142857142,13.392857142857142
3lu1,U-Net,275,275,275,285,-10,10.0,-3.6363636363636362,3.6363636363636362,272,3,3.0,1.090909090909091,1.090909090909091
3lu2,U-Net,294,290,290,299,-9,9.0,-3.103448275862069,3.103448275862069,297,-7,7.0,-2.413793103448276,2.413793103448276
3lu3,U-Net,142,140,140,168,-28,28.0,-20.0,20.0,163,-23,23.0,-16.428571428571427,16.428571428571427
3rd1,U-Net,413,408,408,359,49,49.0,12.009803921568627,12.009803921568627,350,58,58.0,14.215686274509803,14.215686274509803
3rd2,U-Net,446,442,442,386,56,56.0,12.669683257918551,12.669683257918551,373,69,69.0,15.610859728506787,15.610859728506787
3rl1,U-Net,349,340,340,346,-6,6.0,-1.7647058823529411,1.7647058823529411,342,-2,2.0,-0.5882352941176471,0.5882352941176471
3rl2,U-Net,377,377,377,355,22,22.0,5.835543766578249,5.835543766578249,348,29,29.0,7.6923076923076925,7.6923076923076925
3rl3,U-Net,254,253,253,278,-25,25.0,-9.881422924901186,9.881422924901186,269,-16,16.0,-6.324110671936759,6.324110671936759
3rr1,U-Net,399,398,398,365,33,33.0,8.291457286432161,8.291457286432161,354,44,44.0,11.055276381909549,11.055276381909549
3rr2,U-Net,239,236,236,251,-15,15.0,-6.3559322033898304,6.3559322033898304,245,-9,9.0,-3.8135593220338984,3.8135593220338984
3rr3,U-Net,162,159,159,185,-26,26.0,-16.352201257861633,16.352201257861633,176,-17,17.0,-10.69182389937107,10.69182389937107
3ru1,U-Net,398,394,394,383,11,11.0,2.7918781725888326,2.7918781725888326,373,21,21.0,5.32994923857868,5.32994923857868
3ru3,U-Net,287,281,281,298,-17,17.0,-6.049822064056939,6.049822064056939,291,-10,10.0,-3.558718861209965,3.558718861209965
40ld1,U-Net,419,417,417,391,26,26.0,6.235011990407674,6.235011990407674,382,35,35.0,8.393285371702639,8.393285371702639
40ld3,U-Net,213,213,213,248,-35,35.0,-16.431924882629108,16.431924882629108,238,-25,25.0,-11.737089201877934,11.737089201877934
40ll2,U-Net,224,223,223,241,-18,18.0,-8.071748878923767,8.071748878923767,232,-9,9.0,-4.0358744394618835,4.0358744394618835
40ll3,U-Net,180,180,180,192,-12,12.0,-6.666666666666667,6.666666666666667,189,-9,9.0,-5.0,5.0
40lr2,U-Net,333,333,333,353,-20,20.0,-6.006006006006006,6.006006006006006,342,-9,9.0,-2.7027027027027026,2.7027027027027026
40lr3,U-Net,169,169,169,189,-20,20.0,-11.834319526627219,11.834319526627219,180,-11,11.0,-6.508875739644971,6.508875739644971
40lu1,U-Net,353,350,350,344,6,6.0,1.7142857142857144,1.7142857142857144,337,13,13.0,3.7142857142857144,3.7142857142857144
40lu2,U-Net,398,396,396,390,6,6.0,1.5151515151515151,1.5151515151515151,378,18,18.0,4.545454545454546,4.545454545454546
40lu3,U-Net,252,251,251,277,-26,26.0,-10.358565737051793,10.358565737051793,265,-14,14.0,-5.577689243027888,5.577689243027888
40rd2,U-Net,406,406,406,347,59,59.0,14.532019704433496,14.532019704433496,342,64,64.0,15.763546798029557,15.763546798029557
40rl2,U-Net,456,454,454,355,99,99.0,21.80616740088106,21.80616740088106,344,110,110.0,24.229074889867842,24.229074889867842
40rl3,U-Net,299,299,299,312,-13,13.0,-4.3478260869565215,4.3478260869565215,309,-10,10.0,-3.3444816053511706,3.3444816053511706
40rr1,U-Net,447,446,446,263,183,183.0,41.03139013452915,41.03139013452915,255,191,191.0,42.82511210762332,42.82511210762332
40rr2,U-Net,292,290,290,216,74,74.0,25.517241379310345,25.517241379310345,213,77,77.0,26.551724137931032,26.551724137931032
40ru2,U-Net,412,411,411,338,73,73.0,17.761557177615572,17.761557177615572,326,85,85.0,20.68126520681265,20.68126520681265
41_8_ld1,U-Net,501,501,502,460,42,42.0,8.366533864541832,8.366533864541832,445,57,57.0,11.354581673306772,11.354581673306772
41_8_ld2,U-Net,486,485,485,446,39,39.0,8.041237113402062,8.041237113402062,437,48,48.0,9.896907216494846,9.896907216494846
41_8_ld3,U-Net,297,297,297,311,-14,14.0,-4.713804713804714,4.713804713804714,299,-2,2.0,-0.6734006734006733,0.6734006734006733
41_8_ll1,U-Net,367,364,364,361,3,3.0,0.8241758241758242,0.8241758241758242,349,15,15.0,4.1208791208791204,4.1208791208791204
41_8_ll3,U-Net,127,125,125,151,-26,26.0,-20.8,20.8,142,-17,17.0,-13.600000000000001,13.600000000000001
41_8_lr1,U-Net,512,510,509,448,61,61.0,11.984282907662083,11.984282907662083,438,71,71.0,13.948919449901767,13.948919449901767
41_8_lr2,U-Net,511,509,509,459,50,50.0,9.823182711198427,9.823182711198427,448,61,61.0,11.984282907662083,11.984282907662083
41_8_lr3,U-Net,314,313,313,321,-8,8.0,-2.5559105431309903,2.5559105431309903,317,-4,4.0,-1.2779552715654952,1.2779552715654952
41_8_lu2,U-Net,500,497,497,452,45,45.0,9.054325955734406,9.054325955734406,440,57,57.0,11.468812877263582,11.468812877263582
41_8_lu3,U-Net,320,319,319,335,-16,16.0,-5.015673981191222,5.015673981191222,321,-2,2.0,-0.6269592476489028,0.6269592476489028
41_8_rd1,U-Net,500,500,500,432,68,68.0,13.600000000000001,13.600000000000001,422,78,78.0,15.6,15.6
41_8_rd2,U-Net,452,452,452,426,26,26.0,5.752212389380531,5.752212389380531,413,39,39.0,8.628318584070795,8.628318584070795
41_8_rd3,U-Net,316,315,315,339,-24,24.0,-7.6190476190476195,7.6190476190476195,330,-15,15.0,-4.761904761904762,4.761904761904762
41_8_rl1,U-Net,500,499,499,428,71,71.0,14.228456913827655,14.228456913827655,411,88,88.0,17.635270541082164,17.635270541082164
41_8_rl3,U-Net,136,135,135,161,-26,26.0,-19.25925925925926,19.25925925925926,148,-13,13.0,-9.62962962962963,9.62962962962963
41_8_rr1,U-Net,474,473,473,417,56,56.0,11.839323467230443,11.839323467230443,412,61,61.0,12.896405919661733,12.896405919661733
41_8_rr2,U-Net,502,501,501,458,43,43.0,8.582834331337326,8.582834331337326,451,50,50.0,9.980039920159681,9.980039920159681
41_8_rr3,U-Net,324,323,323,314,9,9.0,2.786377708978328,2.786377708978328,308,15,15.0,4.643962848297214,4.643962848297214
41_8_ru1,U-Net,466,464,464,448,16,16.0,3.4482758620689653,3.4482758620689653,436,28,28.0,6.0344827586206895,6.0344827586206895
41_8_ru2,U-Net,561,561,561,510,51,51.0,9.090909090909092,9.090909090909092,502,59,59.0,10.51693404634581,10.51693404634581
41_8_ru3,U-Net,206,206,206,229,-23,23.0,-11.165048543689322,11.165048543689322,219,-13,13.0,-6.310679611650485,6.310679611650485
42_8_ld1,U-Net,418,418,418,373,45,45.0,10.76555023923445,10.76555023923445,360,58,58.0,13.875598086124402,13.875598086124402
42_8_ld2,U-Net,435,434,434,408,26,26.0,5.990783410138248,5.990783410138248,395,39,39.0,8.986175115207374,8.986175115207374
42_8_ld3,U-Net,277,277,277,282,-5,5.0,-1.8050541516245486,1.8050541516245486,269,8,8.0,2.888086642599278,2.888086642599278
42_8_ll1,U-Net,453,453,453,407,46,46.0,10.154525386313466,10.154525386313466,397,56,56.0,12.362030905077264,12.362030905077264
42_8_ll3,U-Net,198,197,197,201,-4,4.0,-2.030456852791878,2.030456852791878,197,0,0.0,0.0,0.0
42_8_lr1,U-Net,397,397,397,369,28,28.0,7.052896725440807,7.052896725440807,355,42,42.0,10.579345088161208,10.579345088161208
42_8_lr2,U-Net,348,348,348,349,-1,1.0,-0.28735632183908044,0.28735632183908044,343,5,5.0,1.4367816091954022,1.4367816091954022
42_8_lr3,U-Net,213,212,212,233,-21,21.0,-9.90566037735849,9.90566037735849,228,-16,16.0,-7.547169811320755,7.547169811320755
42_8_lu1,U-Net,456,456,456,389,67,67.0,14.692982456140353,14.692982456140353,381,75,75.0,16.447368421052634,16.447368421052634
42_8_rd1,U-Net,502,501,500,434,66,66.0,13.200000000000001,13.200000000000001,425,75,75.0,15.0,15.0
42_8_rd2,U-Net,443,443,443,406,37,37.0,8.35214446952596,8.35214446952596,401,42,42.0,9.480812641083523,9.480812641083523
42_8_rd3,U-Net,348,346,346,346,0,0.0,0.0,0.0,339,7,7.0,2.023121387283237,2.023121387283237
42_8_rl2,U-Net,523,519,519,458,61,61.0,11.753371868978805,11.753371868978805,442,77,77.0,14.836223506743737,14.836223506743737
42_8_rl3,U-Net,183,181,181,188,-7,7.0,-3.867403314917127,3.867403314917127,182,-1,1.0,-0.5524861878453038,0.5524861878453038
42_8_rr1,U-Net,466,466,466,426,40,40.0,8.583690987124463,8.583690987124463,417,49,49.0,10.515021459227468,10.515021459227468
42_8_rr2,U-Net,391,391,391,357,34,34.0,8.695652173913043,8.695652173913043,348,43,43.0,10.997442455242968,10.997442455242968
42_8_rr3,U-Net,205,205,205,229,-24,24.0,-11.707317073170733,11.707317073170733,221,-16,16.0,-7.804878048780488,7.804878048780488
42_8_ru1,U-Net,436,433,432,395,37,37.0,8.564814814814815,8.564814814814815,385,47,47.0,10.87962962962963,10.87962962962963
42_8_ru2,U-Net,392,392,392,380,12,12.0,3.061224489795918,3.061224489795918,371,21,21.0,5.357142857142857,5.357142857142857
42_8_ru3,U-Net,328,327,327,323,4,4.0,1.2232415902140672,1.2232415902140672,314,13,13.0,3.9755351681957185,3.9755351681957185
4ld1,U-Net,436,434,434,399,35,35.0,8.064516129032258,8.064516129032258,389,45,45.0,10.368663594470046,10.368663594470046
4ld2,U-Net,440,434,434,409,25,25.0,5.76036866359447,5.76036866359447,405,29,29.0,6.682027649769585,6.682027649769585
4ld3,U-Net,254,253,253,284,-31,31.0,-12.25296442687747,12.25296442687747,278,-25,25.0,-9.881422924901186,9.881422924901186
4ll3,U-Net,139,136,136,181,-45,45.0,-33.088235294117645,33.088235294117645,174,-38,38.0,-27.941176470588236,27.941176470588236
4lr2,U-Net,422,417,417,415,2,2.0,0.4796163069544364,0.4796163069544364,403,14,14.0,3.357314148681055,3.357314148681055
4lr3,U-Net,270,264,264,280,-16,16.0,-6.0606060606060606,6.0606060606060606,268,-4,4.0,-1.5151515151515151,1.5151515151515151
4lu1,U-Net,368,361,361,365,-4,4.0,-1.10803324099723,1.10803324099723,354,7,7.0,1.9390581717451523,1.9390581717451523
4lu2,U-Net,404,402,402,392,10,10.0,2.4875621890547266,2.4875621890547266,385,17,17.0,4.228855721393035,4.228855721393035
4lu3,U-Net,199,195,195,222,-27,27.0,-13.846153846153847,13.846153846153847,211,-16,16.0,-8.205128205128204,8.205128205128204
4rd1,U-Net,425,420,420,390,30,30.0,7.142857142857142,7.142857142857142,383,37,37.0,8.80952380952381,8.80952380952381
4rd2,U-Net,474,469,469,424,45,45.0,9.594882729211088,9.594882729211088,415,54,54.0,11.513859275053305,11.513859275053305
4rl1,U-Net,396,392,391,363,28,28.0,7.161125319693094,7.161125319693094,357,34,34.0,8.695652173913043,8.695652173913043
4rl2,U-Net,465,458,458,421,37,37.0,8.078602620087336,8.078602620087336,411,47,47.0,10.262008733624455,10.262008733624455
4rr1,U-Net,442,439,439,403,36,36.0,8.200455580865604,8.200455580865604,395,44,44.0,10.022779043280181,10.022779043280181
4rr2,U-Net,479,472,472,413,59,59.0,12.5,12.5,407,65,65.0,13.771186440677965,13.771186440677965
4ru1,U-Net,386,384,384,364,20,20.0,5.208333333333334,5.208333333333334,348,36,36.0,9.375,9.375
4ru2,U-Net,300,299,299,306,-7,7.0,-2.341137123745819,2.341137123745819,300,-1,1.0,-0.33444816053511706,0.33444816053511706
5ld1,U-Net,413,411,411,414,-3,3.0,-0.7299270072992701,0.7299270072992701,406,5,5.0,1.2165450121654502,1.2165450121654502
5ld2,U-Net,305,304,304,325,-21,21.0,-6.907894736842106,6.907894736842106,314,-10,10.0,-3.289473684210526,3.289473684210526
5ld3,U-Net,186,186,186,210,-24,24.0,-12.903225806451612,12.903225806451612,205,-19,19.0,-10.21505376344086,10.21505376344086
5ll1,U-Net,438,436,436,394,42,42.0,9.63302752293578,9.63302752293578,391,45,45.0,10.321100917431194,10.321100917431194
5ll2,U-Net,286,286,286,316,-30,30.0,-10.48951048951049,10.48951048951049,303,-17,17.0,-5.944055944055944,5.944055944055944
5lr1,U-Net,395,392,392,383,9,9.0,2.295918367346939,2.295918367346939,373,19,19.0,4.846938775510204,4.846938775510204
5lr2,U-Net,406,403,403,400,3,3.0,0.7444168734491315,0.7444168734491315,391,12,12.0,2.977667493796526,2.977667493796526
5lr3,U-Net,271,271,271,298,-27,27.0,-9.96309963099631,9.96309963099631,286,-15,15.0,-5.535055350553505,5.535055350553505
5lu1,U-Net,369,367,367,348,19,19.0,5.177111716621254,5.177111716621254,337,30,30.0,8.174386920980927,8.174386920980927
5lu2,U-Net,394,391,391,400,-9,9.0,-2.3017902813299234,2.3017902813299234,388,3,3.0,0.7672634271099744,0.7672634271099744
5lu3,U-Net,304,300,300,319,-19,19.0,-6.333333333333334,6.333333333333334,312,-12,12.0,-4.0,4.0
5rd1,U-Net,386,382,382,386,-4,4.0,-1.0471204188481675,1.0471204188481675,374,8,8.0,2.094240837696335,2.094240837696335
5rd2,U-Net,432,432,432,429,3,3.0,0.6944444444444444,0.6944444444444444,420,12,12.0,2.7777777777777777,2.7777777777777777
5rd3,U-Net,328,327,327,340,-13,13.0,-3.9755351681957185,3.9755351681957185,335,-8,8.0,-2.4464831804281344,2.4464831804281344
5rl2,U-Net,372,370,370,378,-8,8.0,-2.1621621621621623,2.1621621621621623,366,4,4.0,1.0810810810810811,1.0810810810810811
5rl3,U-Net,266,266,266,300,-34,34.0,-12.781954887218044,12.781954887218044,286,-20,20.0,-7.518796992481203,7.518796992481203
5rr1,U-Net,394,393,393,385,8,8.0,2.035623409669211,2.035623409669211,375,18,18.0,4.580152671755725,4.580152671755725
5rr2,U-Net,401,396,396,388,8,8.0,2.0202020202020203,2.0202020202020203,383,13,13.0,3.2828282828282833,3.2828282828282833
5rr3,U-Net,308,307,307,329,-22,22.0,-7.166123778501629,7.166123778501629,315,-8,8.0,-2.6058631921824107,2.6058631921824107
5ru1,U-Net,423,420,420,422,-2,2.0,-0.4761904761904762,0.4761904761904762,408,12,12.0,2.857142857142857,2.857142857142857
5ru2,U-Net,328,327,327,345,-18,18.0,-5.5045871559633035,5.5045871559633035,337,-10,10.0,-3.058103975535168,3.058103975535168
5ru3,U-Net,206,204,204,239,-35,35.0,-17.15686274509804,17.15686274509804,229,-25,25.0,-12.254901960784313,12.254901960784313
6ld1,U-Net,344,344,343,362,-19,19.0,-5.539358600583091,5.539358600583091,353,-10,10.0,-2.9154518950437316,2.9154518950437316
6ld2,U-Net,368,372,372,389,-17,17.0,-4.56989247311828,4.56989247311828,379,-7,7.0,-1.881720430107527,1.881720430107527
6ld3,U-Net,255,255,255,270,-15,15.0,-5.88235294117647,5.88235294117647,267,-12,12.0,-4.705882352941177,4.705882352941177
6ll1,U-Net,355,345,345,332,13,13.0,3.768115942028986,3.768115942028986,324,21,21.0,6.086956521739131,6.086956521739131
6ll2,U-Net,378,366,366,357,9,9.0,2.459016393442623,2.459016393442623,346,20,20.0,5.46448087431694,5.46448087431694
6ll3,U-Net,204,204,204,229,-25,25.0,-12.254901960784313,12.254901960784313,215,-11,11.0,-5.392156862745098,5.392156862745098
6lr1,U-Net,411,408,408,376,32,32.0,7.8431372549019605,7.8431372549019605,363,45,45.0,11.029411764705882,11.029411764705882
6lr2,U-Net,300,299,299,316,-17,17.0,-5.68561872909699,5.68561872909699,305,-6,6.0,-2.0066889632107023,2.0066889632107023
6lr3,U-Net,203,202,202,245,-43,43.0,-21.287128712871286,21.287128712871286,229,-27,27.0,-13.366336633663368,13.366336633663368
6lu1,U-Net,390,389,389,374,15,15.0,3.8560411311053984,3.8560411311053984,369,20,20.0,5.141388174807198,5.141388174807198
6lu2,U-Net,419,418,418,387,31,31.0,7.4162679425837315,7.4162679425837315,377,41,41.0,9.808612440191387,9.808612440191387
6rd2,U-Net,382,382,382,388,-6,6.0,-1.5706806282722512,1.5706806282722512,379,3,3.0,0.7853403141361256,0.7853403141361256
6rd3,U-Net,280,280,280,300,-20,20.0,-7.142857142857142,7.142857142857142,290,-10,10.0,-3.571428571428571,3.571428571428571
6rl1,U-Net,430,425,424,409,15,15.0,3.5377358490566038,3.5377358490566038,402,22,22.0,5.188679245283019,5.188679245283019
6rl2,U-Net,319,319,319,339,-20,20.0,-6.269592476489027,6.269592476489027,326,-7,7.0,-2.19435736677116,2.19435736677116
6rl3,U-Net,208,208,208,242,-34,34.0,-16.346153846153847,16.346153846153847,230,-22,22.0,-10.576923076923077,10.576923076923077
6rr1,U-Net,357,357,357,394,-37,37.0,-10.364145658263306,10.364145658263306,381,-24,24.0,-6.722689075630252,6.722689075630252
6rr2,U-Net,365,365,365,365,0,0.0,0.0,0.0,358,7,7.0,1.9178082191780823,1.9178082191780823
6rr3,U-Net,348,344,344,355,-11,11.0,-3.1976744186046515,3.1976744186046515,349,-5,5.0,-1.4534883720930232,1.4534883720930232
6ru1,U-Net,436,433,433,416,17,17.0,3.9260969976905313,3.9260969976905313,411,22,22.0,5.080831408775981,5.080831408775981
6ru3,U-Net,210,209,209,238,-29,29.0,-13.875598086124402,13.875598086124402,230,-21,21.0,-10.047846889952153,10.047846889952153
7ll1,U-Net,377,377,376,344,32,32.0,8.51063829787234,8.51063829787234,337,39,39.0,10.372340425531915,10.372340425531915
7ll2,U-Net,463,459,459,432,27,27.0,5.88235294117647,5.88235294117647,420,39,39.0,8.49673202614379,8.49673202614379
7ll3,U-Net,301,300,300,303,-3,3.0,-1.0,1.0,301,-1,1.0,-0.33333333333333337,0.33333333333333337
7lr2,U-Net,446,445,445,427,18,18.0,4.044943820224719,4.044943820224719,419,26,26.0,5.842696629213483,5.842696629213483
7lu3,U-Net,253,256,256,279,-23,23.0,-8.984375,8.984375,272,-16,16.0,-6.25,6.25
7rd2,U-Net,437,434,434,410,24,24.0,5.529953917050691,5.529953917050691,405,29,29.0,6.682027649769585,6.682027649769585
7rd3,U-Net,208,208,208,220,-12,12.0,-5.769230769230769,5.769230769230769,214,-6,6.0,-2.8846153846153846,2.8846153846153846
7rl1,U-Net,324,324,324,323,1,1.0,0.30864197530864196,0.30864197530864196,320,4,4.0,1.2345679012345678,1.2345679012345678
7rl2,U-Net,420,416,416,420,-4,4.0,-0.9615384615384616,0.9615384615384616,411,5,5.0,1.201923076923077,1.201923076923077
7rl3,U-Net,293,292,292,297,-5,5.0,-1.7123287671232876,1.7123287671232876,293,-1,1.0,-0.3424657534246575,0.3424657534246575
7rr1,U-Net,395,394,394,375,19,19.0,4.822335025380711,4.822335025380711,369,25,25.0,6.345177664974619,6.345177664974619
7rr2,U-Net,313,312,312,321,-9,9.0,-2.8846153846153846,2.8846153846153846,313,-1,1.0,-0.3205128205128205,0.3205128205128205
7rr3,U-Net,145,145,145,174,-29,29.0,-20.0,20.0,160,-15,15.0,-10.344827586206897,10.344827586206897
7ru2,U-Net,397,396,396,387,9,9.0,2.272727272727273,2.272727272727273,381,15,15.0,3.787878787878788,3.787878787878788
7ru3,U-Net,289,289,289,297,-8,8.0,-2.768166089965398,2.768166089965398,290,-1,1.0,-0.34602076124567477,0.34602076124567477
8ld3,U-Net,46,46,46,106,-60,60.0,-130.43478260869566,130.43478260869566,103,-57,57.0,-123.91304347826086,123.91304347826086
8ll1,U-Net,217,217,217,261,-44,44.0,-20.276497695852534,20.276497695852534,251,-34,34.0,-15.668202764976957,15.668202764976957
8ll2,U-Net,58,58,58,122,-64,64.0,-110.34482758620689,110.34482758620689,116,-58,58.0,-100.0,100.0
8lr1,U-Net,113,113,113,174,-61,61.0,-53.98230088495575,53.98230088495575,166,-53,53.0,-46.902654867256636,46.902654867256636
8lr2,U-Net,127,122,122,157,-35,35.0,-28.688524590163933,28.688524590163933,156,-34,34.0,-27.86885245901639,27.86885245901639
8lu1,U-Net,191,191,191,216,-25,25.0,-13.089005235602095,13.089005235602095,207,-16,16.0,-8.37696335078534,8.37696335078534
8lu2,U-Net,59,57,57,135,-78,78.0,-136.8421052631579,136.8421052631579,132,-75,75.0,-131.57894736842107,131.57894736842107
8lu3,U-Net,33,33,33,108,-75,75.0,-227.27272727272728,227.27272727272728,103,-70,70.0,-212.12121212121212,212.12121212121212
8rd1,U-Net,361,364,364,366,-2,2.0,-0.5494505494505495,0.5494505494505495,360,4,4.0,1.098901098901099,1.098901098901099
8rd3,U-Net,188,185,185,208,-23,23.0,-12.432432432432433,12.432432432432433,200,-15,15.0,-8.108108108108109,8.108108108108109
8rl3,U-Net,311,309,309,312,-3,3.0,-0.9708737864077669,0.9708737864077669,308,1,1.0,0.3236245954692557,0.3236245954692557
8rr1,U-Net,339,337,337,355,-18,18.0,-5.341246290801187,5.341246290801187,347,-10,10.0,-2.967359050445104,2.967359050445104
8rr3,U-Net,251,173,173,213,-40,40.0,-23.121387283236995,23.121387283236995,206,-33,33.0,-19.07514450867052,19.07514450867052
8ru1,U-Net,380,377,377,382,-5,5.0,-1.3262599469496021,1.3262599469496021,374,3,3.0,0.7957559681697612,0.7957559681697612
8ru3,U-Net,251,250,250,265,-15,15.0,-6.0,6.0,255,-5,5.0,-2.0,2.0
